
Due to MODULEPATH changes, the following have been reloaded:
  1) fftw/3.3.10_openmp_False


The following have been reloaded with a version change:
  1) openblas/0.3.24_threads_openmp => openblas/0.3.24_threads_none
  2) py-numpy/1.24.0 => py-numpy/1.26.1


Currently Loaded Modules:
  1) slurm/current             16) py-pybind11/2.11.0
  2) DefaultModules            17) py-contourpy/1.0.7
  3) gcc/11.3.0                18) py-cycler/0.11.0
  4) 2024r1                    19) py-fonttools/4.39.4
  5) gsl/2.7.1                 20) py-kiwisolver/1.4.5
  6) zlib/1.2.13               21) py-packaging/23.1
  7) hwloc/2.9.1               22) libjpeg-turbo/3.0.0
  8) openmpi/4.1.6             23) py-pillow/10.0.0
  9) fftw/3.3.10_openmp_False  24) py-pyparsing/3.0.9
 10) plumed/2.8.0              25) py-six/1.16.0
 11) gromacs/2020.6            26) py-python-dateutil/2.8.2
 12) python/3.10.12            27) qhull/2020.2
 13) freetype/2.11.1           28) py-matplotlib/3.7.1
 14) libpng/1.6.39             29) openblas/0.3.24_threads_none
 15) py-setuptools/63.4.3      30) py-numpy/1.26.1

 

Setting up HREX-MD with GROMACS and PLUMED
Removed position restraints from topol_prod.top.
               :-) GROMACS - gmx grompp, 2020.6-PLUMED-spack (-:

                            GROMACS is written by:
     Emile Apol      Rossen Apostolov      Paul Bauer     Herman J.C. Berendsen
    Par Bjelkmar      Christian Blau   Viacheslav Bolnykh     Kevin Boyd    
 Aldert van Buuren   Rudi van Drunen     Anton Feenstra       Alan Gray     
  Gerrit Groenhof     Anca Hamuraru    Vincent Hindriksen  M. Eric Irrgang  
  Aleksei Iupinov   Christoph Junghans     Joe Jordan     Dimitrios Karkoulis
    Peter Kasson        Jiri Kraus      Carsten Kutzner      Per Larsson    
  Justin A. Lemkul    Viveca Lindahl    Magnus Lundborg     Erik Marklund   
    Pascal Merz     Pieter Meulenhoff    Teemu Murtola       Szilard Pall   
    Sander Pronk      Roland Schulz      Michael Shirts    Alexey Shvetsov  
   Alfons Sijbers     Peter Tieleman      Jon Vincent      Teemu Virolainen 
 Christian Wennberg    Maarten Wolf      Artem Zhmurov   
                           and the project leaders:
        Mark Abraham, Berk Hess, Erik Lindahl, and David van der Spoel

Copyright (c) 1991-2000, University of Groningen, The Netherlands.
Copyright (c) 2001-2019, The GROMACS development team at
Uppsala University, Stockholm University and
the Royal Institute of Technology, Sweden.
check out http://www.gromacs.org for more information.

GROMACS is free software; you can redistribute it and/or modify it
under the terms of the GNU Lesser General Public License
as published by the Free Software Foundation; either version 2.1
of the License, or (at your option) any later version.

GROMACS:      gmx grompp, version 2020.6-PLUMED-spack
Executable:   /home/blueschmitz/spack/opt/spack/linux-rhel8-cascadelake/gcc-11.3.0/gromacs-2020.6-lp4hfown6wui4otvwejsbjlumqjnmgiq/bin/gmx_mpi
Data prefix:  /home/blueschmitz/spack/opt/spack/linux-rhel8-cascadelake/gcc-11.3.0/gromacs-2020.6-lp4hfown6wui4otvwejsbjlumqjnmgiq
Working dir:  /scratch/blueschmitz/Watching-enzymes-wiggle/MD_simulations/projects/5EKY_monomeric/outputs/6_HREX
Command line:
  gmx_mpi grompp -f ../../../../mdp_templates/tempering.mdp -c npt_5.gro -p topol_prod.top -pp processed.top -o dummy.tpr -r npt_5.gro -maxwarn 2

Setting the LD random seed to -573735941

Back Off! I just backed up processed.top to ./#processed.top.7#
Generated 2211 of the 2211 non-bonded parameter combinations
Generating 1-4 interactions: fudge = 0.5
Generated 2211 of the 2211 1-4 parameter combinations
Excluding 3 bonded neighbours molecule type 'Protein_chain_A'
Excluding 2 bonded neighbours molecule type 'SOL'
Excluding 1 bonded neighbours molecule type 'NA'

NOTE 1 [file topol_prod.top, line 37475]:
  For energy conservation with LINCS, lincs_iter should be 2 or larger.


Number of degrees of freedom in T-Coupling group rest is 131823.00

NOTE 2 [file ../../../../mdp_templates/tempering.mdp]:
  NVE simulation: will use the initial temperature of 297.551 K for
  determining the Verlet buffer size

Estimate for the relative computational load of the PME mesh part: 0.35

There were 2 notes

Back Off! I just backed up dummy.tpr to ./#dummy.tpr.7#

GROMACS reminds you: "Why is it that programmers always confuse Halloween with Christmas? Because 31 OCT = 25 DEC." (Anonymous)

turning H bonds into constraints...
turning H bonds into constraints...
turning H bonds into constraints...
Analysing residue names:
There are:   259    Protein residues
There are: 20337      Water residues
There are:     7        Ion residues
Analysing Protein...
Analysing residues not classified as Protein/DNA/RNA/Water and splitting into groups...
Determining Verlet buffer for a tolerance of 0.005 kJ/mol/ps at 297.551 K
Calculated rlist for 1x1 atom pair-list as 1.034 nm, buffer size 0.034 nm
Set rlist, assuming 4x4 atom pair-list, to 1.000 nm, buffer size 0.000 nm
Note that mdrun will redetermine rlist based on the actual pair-list setup
Calculating fourier grid dimensions for X Y Z
Using a fourier grid of 80x80x80, spacing 0.108 0.108 0.108
This run will generate roughly 5 Mb of data
Generated self-contained processed.top without position restraints.
Generated processed_scaled.top with selected residues for scaling.
Generated scaled_1.00.top in ./rep1.00 with scaling factor 1.00.
               :-) GROMACS - gmx grompp, 2020.6-PLUMED-spack (-:

                            GROMACS is written by:
     Emile Apol      Rossen Apostolov      Paul Bauer     Herman J.C. Berendsen
    Par Bjelkmar      Christian Blau   Viacheslav Bolnykh     Kevin Boyd    
 Aldert van Buuren   Rudi van Drunen     Anton Feenstra       Alan Gray     
  Gerrit Groenhof     Anca Hamuraru    Vincent Hindriksen  M. Eric Irrgang  
  Aleksei Iupinov   Christoph Junghans     Joe Jordan     Dimitrios Karkoulis
    Peter Kasson        Jiri Kraus      Carsten Kutzner      Per Larsson    
  Justin A. Lemkul    Viveca Lindahl    Magnus Lundborg     Erik Marklund   
    Pascal Merz     Pieter Meulenhoff    Teemu Murtola       Szilard Pall   
    Sander Pronk      Roland Schulz      Michael Shirts    Alexey Shvetsov  
   Alfons Sijbers     Peter Tieleman      Jon Vincent      Teemu Virolainen 
 Christian Wennberg    Maarten Wolf      Artem Zhmurov   
                           and the project leaders:
        Mark Abraham, Berk Hess, Erik Lindahl, and David van der Spoel

Copyright (c) 1991-2000, University of Groningen, The Netherlands.
Copyright (c) 2001-2019, The GROMACS development team at
Uppsala University, Stockholm University and
the Royal Institute of Technology, Sweden.
check out http://www.gromacs.org for more information.

GROMACS is free software; you can redistribute it and/or modify it
under the terms of the GNU Lesser General Public License
as published by the Free Software Foundation; either version 2.1
of the License, or (at your option) any later version.

GROMACS:      gmx grompp, version 2020.6-PLUMED-spack
Executable:   /home/blueschmitz/spack/opt/spack/linux-rhel8-cascadelake/gcc-11.3.0/gromacs-2020.6-lp4hfown6wui4otvwejsbjlumqjnmgiq/bin/gmx_mpi
Data prefix:  /home/blueschmitz/spack/opt/spack/linux-rhel8-cascadelake/gcc-11.3.0/gromacs-2020.6-lp4hfown6wui4otvwejsbjlumqjnmgiq
Working dir:  /scratch/blueschmitz/Watching-enzymes-wiggle/MD_simulations/projects/5EKY_monomeric/outputs/6_HREX/rep1.00
Command line:
  gmx_mpi grompp -f ../../../../../mdp_templates/hrex.mdp -c ../npt_5.gro -p scaled_1.00.top -o topol.tpr -maxwarn 1

Ignoring obsolete mdp entry 'ns_type'
Setting the LD random seed to -5242969
Generated 8778 of the 8778 non-bonded parameter combinations
Generating 1-4 interactions: fudge = 0.5
Generated 8778 of the 8778 1-4 parameter combinations
Excluding 3 bonded neighbours molecule type 'Protein_chain_A'
Excluding 2 bonded neighbours molecule type 'SOL'
Excluding 1 bonded neighbours molecule type 'NA'
Number of degrees of freedom in T-Coupling group Protein is 9782.78
Number of degrees of freedom in T-Coupling group non-Protein is 122040.22
Estimate for the relative computational load of the PME mesh part: 0.28

NOTE 1 [file ../../../../../mdp_templates/hrex.mdp]:
  This run will generate roughly 14490 Mb of data


There was 1 note

Back Off! I just backed up topol.tpr to ./#topol.tpr.2#

GROMACS reminds you: "A computer once beat me at chess, but it was no match for me at kick boxing." (Emo Philips)

turning H bonds into constraints...
turning H bonds into constraints...
turning H bonds into constraints...
Analysing residue names:
There are:   259    Protein residues
There are: 20337      Water residues
There are:     7        Ion residues
Analysing Protein...
Analysing residues not classified as Protein/DNA/RNA/Water and splitting into groups...
Determining Verlet buffer for a tolerance of 0.005 kJ/mol/ps at 298 K
Calculated rlist for 1x1 atom pair-list as 1.034 nm, buffer size 0.034 nm
Set rlist, assuming 4x4 atom pair-list, to 1.000 nm, buffer size 0.000 nm
Note that mdrun will redetermine rlist based on the actual pair-list setup
Calculating fourier grid dimensions for X Y Z
Using a fourier grid of 56x56x56, spacing 0.155 0.155 0.155
Generated topol.tpr from scaled_1.00.top in ./rep1.00.
Generated scaled_0.95.top in ./rep0.95 with scaling factor 0.95.
               :-) GROMACS - gmx grompp, 2020.6-PLUMED-spack (-:

                            GROMACS is written by:
     Emile Apol      Rossen Apostolov      Paul Bauer     Herman J.C. Berendsen
    Par Bjelkmar      Christian Blau   Viacheslav Bolnykh     Kevin Boyd    
 Aldert van Buuren   Rudi van Drunen     Anton Feenstra       Alan Gray     
  Gerrit Groenhof     Anca Hamuraru    Vincent Hindriksen  M. Eric Irrgang  
  Aleksei Iupinov   Christoph Junghans     Joe Jordan     Dimitrios Karkoulis
    Peter Kasson        Jiri Kraus      Carsten Kutzner      Per Larsson    
  Justin A. Lemkul    Viveca Lindahl    Magnus Lundborg     Erik Marklund   
    Pascal Merz     Pieter Meulenhoff    Teemu Murtola       Szilard Pall   
    Sander Pronk      Roland Schulz      Michael Shirts    Alexey Shvetsov  
   Alfons Sijbers     Peter Tieleman      Jon Vincent      Teemu Virolainen 
 Christian Wennberg    Maarten Wolf      Artem Zhmurov   
                           and the project leaders:
        Mark Abraham, Berk Hess, Erik Lindahl, and David van der Spoel

Copyright (c) 1991-2000, University of Groningen, The Netherlands.
Copyright (c) 2001-2019, The GROMACS development team at
Uppsala University, Stockholm University and
the Royal Institute of Technology, Sweden.
check out http://www.gromacs.org for more information.

GROMACS is free software; you can redistribute it and/or modify it
under the terms of the GNU Lesser General Public License
as published by the Free Software Foundation; either version 2.1
of the License, or (at your option) any later version.

GROMACS:      gmx grompp, version 2020.6-PLUMED-spack
Executable:   /home/blueschmitz/spack/opt/spack/linux-rhel8-cascadelake/gcc-11.3.0/gromacs-2020.6-lp4hfown6wui4otvwejsbjlumqjnmgiq/bin/gmx_mpi
Data prefix:  /home/blueschmitz/spack/opt/spack/linux-rhel8-cascadelake/gcc-11.3.0/gromacs-2020.6-lp4hfown6wui4otvwejsbjlumqjnmgiq
Working dir:  /scratch/blueschmitz/Watching-enzymes-wiggle/MD_simulations/projects/5EKY_monomeric/outputs/6_HREX/rep0.95
Command line:
  gmx_mpi grompp -f ../../../../../mdp_templates/hrex.mdp -c ../npt_5.gro -p scaled_0.95.top -o topol.tpr -maxwarn 1

Ignoring obsolete mdp entry 'ns_type'
Setting the LD random seed to -1076756482
Generated 8778 of the 8778 non-bonded parameter combinations
Generating 1-4 interactions: fudge = 0.5
Generated 8778 of the 8778 1-4 parameter combinations
Excluding 3 bonded neighbours molecule type 'Protein_chain_A'
Excluding 2 bonded neighbours molecule type 'SOL'
Excluding 1 bonded neighbours molecule type 'NA'

NOTE 1 [file scaled_0.95.top, line 51995]:
  System has non-zero total charge: 0.101283
  Total charge should normally be an integer. See
  http://www.gromacs.org/Documentation/Floating_Point_Arithmetic
  for discussion on how close it should be to an integer.
  



WARNING 1 [file scaled_0.95.top, line 51995]:
  You are using Ewald electrostatics in a system with net charge. This can
  lead to severe artifacts, such as ions moving into regions with low
  dielectric, due to the uniform background charge. We suggest to
  neutralize your system with counter ions, possibly in combination with a
  physiological salt concentration.

turning H bonds into constraints...
turning H bonds into constraints...
turning H bonds into constraints...

++++ PLEASE READ AND CITE THE FOLLOWING REFERENCE ++++
J. S. Hub, B. L. de Groot, H. Grubmueller, G. Groenhof
Quantifying Artifacts in Ewald Simulations of Inhomogeneous Systems with a Net
Charge
J. Chem. Theory Comput. 10 (2014) pp. 381-393
-------- -------- --- Thank You --- -------- --------

Number of degrees of freedom in T-Coupling group Protein is 9782.78
Number of degrees of freedom in T-Coupling group non-Protein is 122040.22
Estimate for the relative computational load of the PME mesh part: 0.28

NOTE 2 [file ../../../../../mdp_templates/hrex.mdp]:
  This run will generate roughly 14490 Mb of data


There were 2 notes

There was 1 warning

Back Off! I just backed up topol.tpr to ./#topol.tpr.1#

GROMACS reminds you: ""Everything organic and natural is good" - ignoring the fact that organic natural substances include arsenic and poo and crocodiles. And everything chemical is bad, ignoring the fact that... everything is chemicals." (Tim Minchin)

Analysing residue names:
There are:   259    Protein residues
There are: 20337      Water residues
There are:     7        Ion residues
Analysing Protein...
Analysing residues not classified as Protein/DNA/RNA/Water and splitting into groups...
Determining Verlet buffer for a tolerance of 0.005 kJ/mol/ps at 298 K
Calculated rlist for 1x1 atom pair-list as 1.034 nm, buffer size 0.034 nm
Set rlist, assuming 4x4 atom pair-list, to 1.000 nm, buffer size 0.000 nm
Note that mdrun will redetermine rlist based on the actual pair-list setup
Calculating fourier grid dimensions for X Y Z
Using a fourier grid of 56x56x56, spacing 0.155 0.155 0.155
Generated topol.tpr from scaled_0.95.top in ./rep0.95.
Generated scaled_0.91.top in ./rep0.91 with scaling factor 0.91.
               :-) GROMACS - gmx grompp, 2020.6-PLUMED-spack (-:

                            GROMACS is written by:
     Emile Apol      Rossen Apostolov      Paul Bauer     Herman J.C. Berendsen
    Par Bjelkmar      Christian Blau   Viacheslav Bolnykh     Kevin Boyd    
 Aldert van Buuren   Rudi van Drunen     Anton Feenstra       Alan Gray     
  Gerrit Groenhof     Anca Hamuraru    Vincent Hindriksen  M. Eric Irrgang  
  Aleksei Iupinov   Christoph Junghans     Joe Jordan     Dimitrios Karkoulis
    Peter Kasson        Jiri Kraus      Carsten Kutzner      Per Larsson    
  Justin A. Lemkul    Viveca Lindahl    Magnus Lundborg     Erik Marklund   
    Pascal Merz     Pieter Meulenhoff    Teemu Murtola       Szilard Pall   
    Sander Pronk      Roland Schulz      Michael Shirts    Alexey Shvetsov  
   Alfons Sijbers     Peter Tieleman      Jon Vincent      Teemu Virolainen 
 Christian Wennberg    Maarten Wolf      Artem Zhmurov   
                           and the project leaders:
        Mark Abraham, Berk Hess, Erik Lindahl, and David van der Spoel

Copyright (c) 1991-2000, University of Groningen, The Netherlands.
Copyright (c) 2001-2019, The GROMACS development team at
Uppsala University, Stockholm University and
the Royal Institute of Technology, Sweden.
check out http://www.gromacs.org for more information.

GROMACS is free software; you can redistribute it and/or modify it
under the terms of the GNU Lesser General Public License
as published by the Free Software Foundation; either version 2.1
of the License, or (at your option) any later version.

GROMACS:      gmx grompp, version 2020.6-PLUMED-spack
Executable:   /home/blueschmitz/spack/opt/spack/linux-rhel8-cascadelake/gcc-11.3.0/gromacs-2020.6-lp4hfown6wui4otvwejsbjlumqjnmgiq/bin/gmx_mpi
Data prefix:  /home/blueschmitz/spack/opt/spack/linux-rhel8-cascadelake/gcc-11.3.0/gromacs-2020.6-lp4hfown6wui4otvwejsbjlumqjnmgiq
Working dir:  /scratch/blueschmitz/Watching-enzymes-wiggle/MD_simulations/projects/5EKY_monomeric/outputs/6_HREX/rep0.91
Command line:
  gmx_mpi grompp -f ../../../../../mdp_templates/hrex.mdp -c ../npt_5.gro -p scaled_0.91.top -o topol.tpr -maxwarn 1

Ignoring obsolete mdp entry 'ns_type'
Setting the LD random seed to -872941617
Generated 8778 of the 8778 non-bonded parameter combinations
Generating 1-4 interactions: fudge = 0.5
Generated 8778 of the 8778 1-4 parameter combinations
Excluding 3 bonded neighbours molecule type 'Protein_chain_A'
Excluding 2 bonded neighbours molecule type 'SOL'
Excluding 1 bonded neighbours molecule type 'NA'

NOTE 1 [file scaled_0.91.top, line 51995]:
  System has non-zero total charge: 0.184238
  Total charge should normally be an integer. See
  http://www.gromacs.org/Documentation/Floating_Point_Arithmetic
  for discussion on how close it should be to an integer.
  



WARNING 1 [file scaled_0.91.top, line 51995]:
  You are using Ewald electrostatics in a system with net charge. This can
  lead to severe artifacts, such as ions moving into regions with low
  dielectric, due to the uniform background charge. We suggest to
  neutralize your system with counter ions, possibly in combination with a
  physiological salt concentration.

turning H bonds into constraints...
turning H bonds into constraints...
turning H bonds into constraints...

++++ PLEASE READ AND CITE THE FOLLOWING REFERENCE ++++
J. S. Hub, B. L. de Groot, H. Grubmueller, G. Groenhof
Quantifying Artifacts in Ewald Simulations of Inhomogeneous Systems with a Net
Charge
J. Chem. Theory Comput. 10 (2014) pp. 381-393
-------- -------- --- Thank You --- -------- --------

Number of degrees of freedom in T-Coupling group Protein is 9782.78
Number of degrees of freedom in T-Coupling group non-Protein is 122040.22
Estimate for the relative computational load of the PME mesh part: 0.28

NOTE 2 [file ../../../../../mdp_templates/hrex.mdp]:
  This run will generate roughly 14490 Mb of data


There were 2 notes

There was 1 warning

Back Off! I just backed up topol.tpr to ./#topol.tpr.1#

GROMACS reminds you: "Above all, don't fear difficult moments. The best comes from them." (Rita Levi-Montalcini)

Analysing residue names:
There are:   259    Protein residues
There are: 20337      Water residues
There are:     7        Ion residues
Analysing Protein...
Analysing residues not classified as Protein/DNA/RNA/Water and splitting into groups...
Determining Verlet buffer for a tolerance of 0.005 kJ/mol/ps at 298 K
Calculated rlist for 1x1 atom pair-list as 1.034 nm, buffer size 0.034 nm
Set rlist, assuming 4x4 atom pair-list, to 1.000 nm, buffer size 0.000 nm
Note that mdrun will redetermine rlist based on the actual pair-list setup
Calculating fourier grid dimensions for X Y Z
Using a fourier grid of 56x56x56, spacing 0.155 0.155 0.155
Generated topol.tpr from scaled_0.91.top in ./rep0.91.
Generated scaled_0.87.top in ./rep0.87 with scaling factor 0.87.
               :-) GROMACS - gmx grompp, 2020.6-PLUMED-spack (-:

                            GROMACS is written by:
     Emile Apol      Rossen Apostolov      Paul Bauer     Herman J.C. Berendsen
    Par Bjelkmar      Christian Blau   Viacheslav Bolnykh     Kevin Boyd    
 Aldert van Buuren   Rudi van Drunen     Anton Feenstra       Alan Gray     
  Gerrit Groenhof     Anca Hamuraru    Vincent Hindriksen  M. Eric Irrgang  
  Aleksei Iupinov   Christoph Junghans     Joe Jordan     Dimitrios Karkoulis
    Peter Kasson        Jiri Kraus      Carsten Kutzner      Per Larsson    
  Justin A. Lemkul    Viveca Lindahl    Magnus Lundborg     Erik Marklund   
    Pascal Merz     Pieter Meulenhoff    Teemu Murtola       Szilard Pall   
    Sander Pronk      Roland Schulz      Michael Shirts    Alexey Shvetsov  
   Alfons Sijbers     Peter Tieleman      Jon Vincent      Teemu Virolainen 
 Christian Wennberg    Maarten Wolf      Artem Zhmurov   
                           and the project leaders:
        Mark Abraham, Berk Hess, Erik Lindahl, and David van der Spoel

Copyright (c) 1991-2000, University of Groningen, The Netherlands.
Copyright (c) 2001-2019, The GROMACS development team at
Uppsala University, Stockholm University and
the Royal Institute of Technology, Sweden.
check out http://www.gromacs.org for more information.

GROMACS is free software; you can redistribute it and/or modify it
under the terms of the GNU Lesser General Public License
as published by the Free Software Foundation; either version 2.1
of the License, or (at your option) any later version.

GROMACS:      gmx grompp, version 2020.6-PLUMED-spack
Executable:   /home/blueschmitz/spack/opt/spack/linux-rhel8-cascadelake/gcc-11.3.0/gromacs-2020.6-lp4hfown6wui4otvwejsbjlumqjnmgiq/bin/gmx_mpi
Data prefix:  /home/blueschmitz/spack/opt/spack/linux-rhel8-cascadelake/gcc-11.3.0/gromacs-2020.6-lp4hfown6wui4otvwejsbjlumqjnmgiq
Working dir:  /scratch/blueschmitz/Watching-enzymes-wiggle/MD_simulations/projects/5EKY_monomeric/outputs/6_HREX/rep0.87
Command line:
  gmx_mpi grompp -f ../../../../../mdp_templates/hrex.mdp -c ../npt_5.gro -p scaled_0.87.top -o topol.tpr -maxwarn 1

Ignoring obsolete mdp entry 'ns_type'
Setting the LD random seed to -536888321
Generated 8778 of the 8778 non-bonded parameter combinations
Generating 1-4 interactions: fudge = 0.5
Generated 8778 of the 8778 1-4 parameter combinations
Excluding 3 bonded neighbours molecule type 'Protein_chain_A'
Excluding 2 bonded neighbours molecule type 'SOL'
Excluding 1 bonded neighbours molecule type 'NA'

NOTE 1 [file scaled_0.87.top, line 51995]:
  System has non-zero total charge: 0.269019
  Total charge should normally be an integer. See
  http://www.gromacs.org/Documentation/Floating_Point_Arithmetic
  for discussion on how close it should be to an integer.
  



WARNING 1 [file scaled_0.87.top, line 51995]:
  You are using Ewald electrostatics in a system with net charge. This can
  lead to severe artifacts, such as ions moving into regions with low
  dielectric, due to the uniform background charge. We suggest to
  neutralize your system with counter ions, possibly in combination with a
  physiological salt concentration.

turning H bonds into constraints...
turning H bonds into constraints...
turning H bonds into constraints...

++++ PLEASE READ AND CITE THE FOLLOWING REFERENCE ++++
J. S. Hub, B. L. de Groot, H. Grubmueller, G. Groenhof
Quantifying Artifacts in Ewald Simulations of Inhomogeneous Systems with a Net
Charge
J. Chem. Theory Comput. 10 (2014) pp. 381-393
-------- -------- --- Thank You --- -------- --------

Number of degrees of freedom in T-Coupling group Protein is 9782.78
Number of degrees of freedom in T-Coupling group non-Protein is 122040.22
Estimate for the relative computational load of the PME mesh part: 0.28

NOTE 2 [file ../../../../../mdp_templates/hrex.mdp]:
  This run will generate roughly 14490 Mb of data


There were 2 notes

There was 1 warning

Back Off! I just backed up topol.tpr to ./#topol.tpr.1#

GROMACS reminds you: "If you want to destroy my sweater, hold this thread as I walk away." (Weezer)

Analysing residue names:
There are:   259    Protein residues
There are: 20337      Water residues
There are:     7        Ion residues
Analysing Protein...
Analysing residues not classified as Protein/DNA/RNA/Water and splitting into groups...
Determining Verlet buffer for a tolerance of 0.005 kJ/mol/ps at 298 K
Calculated rlist for 1x1 atom pair-list as 1.034 nm, buffer size 0.034 nm
Set rlist, assuming 4x4 atom pair-list, to 1.000 nm, buffer size 0.000 nm
Note that mdrun will redetermine rlist based on the actual pair-list setup
Calculating fourier grid dimensions for X Y Z
Using a fourier grid of 56x56x56, spacing 0.155 0.155 0.155
Generated topol.tpr from scaled_0.87.top in ./rep0.87.
Generated scaled_0.83.top in ./rep0.83 with scaling factor 0.83.
               :-) GROMACS - gmx grompp, 2020.6-PLUMED-spack (-:

                            GROMACS is written by:
     Emile Apol      Rossen Apostolov      Paul Bauer     Herman J.C. Berendsen
    Par Bjelkmar      Christian Blau   Viacheslav Bolnykh     Kevin Boyd    
 Aldert van Buuren   Rudi van Drunen     Anton Feenstra       Alan Gray     
  Gerrit Groenhof     Anca Hamuraru    Vincent Hindriksen  M. Eric Irrgang  
  Aleksei Iupinov   Christoph Junghans     Joe Jordan     Dimitrios Karkoulis
    Peter Kasson        Jiri Kraus      Carsten Kutzner      Per Larsson    
  Justin A. Lemkul    Viveca Lindahl    Magnus Lundborg     Erik Marklund   
    Pascal Merz     Pieter Meulenhoff    Teemu Murtola       Szilard Pall   
    Sander Pronk      Roland Schulz      Michael Shirts    Alexey Shvetsov  
   Alfons Sijbers     Peter Tieleman      Jon Vincent      Teemu Virolainen 
 Christian Wennberg    Maarten Wolf      Artem Zhmurov   
                           and the project leaders:
        Mark Abraham, Berk Hess, Erik Lindahl, and David van der Spoel

Copyright (c) 1991-2000, University of Groningen, The Netherlands.
Copyright (c) 2001-2019, The GROMACS development team at
Uppsala University, Stockholm University and
the Royal Institute of Technology, Sweden.
check out http://www.gromacs.org for more information.

GROMACS is free software; you can redistribute it and/or modify it
under the terms of the GNU Lesser General Public License
as published by the Free Software Foundation; either version 2.1
of the License, or (at your option) any later version.

GROMACS:      gmx grompp, version 2020.6-PLUMED-spack
Executable:   /home/blueschmitz/spack/opt/spack/linux-rhel8-cascadelake/gcc-11.3.0/gromacs-2020.6-lp4hfown6wui4otvwejsbjlumqjnmgiq/bin/gmx_mpi
Data prefix:  /home/blueschmitz/spack/opt/spack/linux-rhel8-cascadelake/gcc-11.3.0/gromacs-2020.6-lp4hfown6wui4otvwejsbjlumqjnmgiq
Working dir:  /scratch/blueschmitz/Watching-enzymes-wiggle/MD_simulations/projects/5EKY_monomeric/outputs/6_HREX/rep0.83
Command line:
  gmx_mpi grompp -f ../../../../../mdp_templates/hrex.mdp -c ../npt_5.gro -p scaled_0.83.top -o topol.tpr -maxwarn 1

Ignoring obsolete mdp entry 'ns_type'
Setting the LD random seed to -975472257
Generated 8778 of the 8778 non-bonded parameter combinations
Generating 1-4 interactions: fudge = 0.5
Generated 8778 of the 8778 1-4 parameter combinations
Excluding 3 bonded neighbours molecule type 'Protein_chain_A'
Excluding 2 bonded neighbours molecule type 'SOL'
Excluding 1 bonded neighbours molecule type 'NA'

NOTE 1 [file scaled_0.83.top, line 51995]:
  System has non-zero total charge: 0.355813
  Total charge should normally be an integer. See
  http://www.gromacs.org/Documentation/Floating_Point_Arithmetic
  for discussion on how close it should be to an integer.
  



WARNING 1 [file scaled_0.83.top, line 51995]:
  You are using Ewald electrostatics in a system with net charge. This can
  lead to severe artifacts, such as ions moving into regions with low
  dielectric, due to the uniform background charge. We suggest to
  neutralize your system with counter ions, possibly in combination with a
  physiological salt concentration.

turning H bonds into constraints...
turning H bonds into constraints...
turning H bonds into constraints...

++++ PLEASE READ AND CITE THE FOLLOWING REFERENCE ++++
J. S. Hub, B. L. de Groot, H. Grubmueller, G. Groenhof
Quantifying Artifacts in Ewald Simulations of Inhomogeneous Systems with a Net
Charge
J. Chem. Theory Comput. 10 (2014) pp. 381-393
-------- -------- --- Thank You --- -------- --------

Number of degrees of freedom in T-Coupling group Protein is 9782.78
Number of degrees of freedom in T-Coupling group non-Protein is 122040.22
Estimate for the relative computational load of the PME mesh part: 0.28

NOTE 2 [file ../../../../../mdp_templates/hrex.mdp]:
  This run will generate roughly 14490 Mb of data


There were 2 notes

There was 1 warning

Back Off! I just backed up topol.tpr to ./#topol.tpr.1#

GROMACS reminds you: "Mathematics is a game played according to certain rules with meaningless marks on paper." (David Hilbert)

Analysing residue names:
There are:   259    Protein residues
There are: 20337      Water residues
There are:     7        Ion residues
Analysing Protein...
Analysing residues not classified as Protein/DNA/RNA/Water and splitting into groups...
Determining Verlet buffer for a tolerance of 0.005 kJ/mol/ps at 298 K
Calculated rlist for 1x1 atom pair-list as 1.034 nm, buffer size 0.034 nm
Set rlist, assuming 4x4 atom pair-list, to 1.000 nm, buffer size 0.000 nm
Note that mdrun will redetermine rlist based on the actual pair-list setup
Calculating fourier grid dimensions for X Y Z
Using a fourier grid of 56x56x56, spacing 0.155 0.155 0.155
Generated topol.tpr from scaled_0.83.top in ./rep0.83.
Generated scaled_0.79.top in ./rep0.79 with scaling factor 0.79.
               :-) GROMACS - gmx grompp, 2020.6-PLUMED-spack (-:

                            GROMACS is written by:
     Emile Apol      Rossen Apostolov      Paul Bauer     Herman J.C. Berendsen
    Par Bjelkmar      Christian Blau   Viacheslav Bolnykh     Kevin Boyd    
 Aldert van Buuren   Rudi van Drunen     Anton Feenstra       Alan Gray     
  Gerrit Groenhof     Anca Hamuraru    Vincent Hindriksen  M. Eric Irrgang  
  Aleksei Iupinov   Christoph Junghans     Joe Jordan     Dimitrios Karkoulis
    Peter Kasson        Jiri Kraus      Carsten Kutzner      Per Larsson    
  Justin A. Lemkul    Viveca Lindahl    Magnus Lundborg     Erik Marklund   
    Pascal Merz     Pieter Meulenhoff    Teemu Murtola       Szilard Pall   
    Sander Pronk      Roland Schulz      Michael Shirts    Alexey Shvetsov  
   Alfons Sijbers     Peter Tieleman      Jon Vincent      Teemu Virolainen 
 Christian Wennberg    Maarten Wolf      Artem Zhmurov   
                           and the project leaders:
        Mark Abraham, Berk Hess, Erik Lindahl, and David van der Spoel

Copyright (c) 1991-2000, University of Groningen, The Netherlands.
Copyright (c) 2001-2019, The GROMACS development team at
Uppsala University, Stockholm University and
the Royal Institute of Technology, Sweden.
check out http://www.gromacs.org for more information.

GROMACS is free software; you can redistribute it and/or modify it
under the terms of the GNU Lesser General Public License
as published by the Free Software Foundation; either version 2.1
of the License, or (at your option) any later version.

GROMACS:      gmx grompp, version 2020.6-PLUMED-spack
Executable:   /home/blueschmitz/spack/opt/spack/linux-rhel8-cascadelake/gcc-11.3.0/gromacs-2020.6-lp4hfown6wui4otvwejsbjlumqjnmgiq/bin/gmx_mpi
Data prefix:  /home/blueschmitz/spack/opt/spack/linux-rhel8-cascadelake/gcc-11.3.0/gromacs-2020.6-lp4hfown6wui4otvwejsbjlumqjnmgiq
Working dir:  /scratch/blueschmitz/Watching-enzymes-wiggle/MD_simulations/projects/5EKY_monomeric/outputs/6_HREX/rep0.79
Command line:
  gmx_mpi grompp -f ../../../../../mdp_templates/hrex.mdp -c ../npt_5.gro -p scaled_0.79.top -o topol.tpr -maxwarn 1

Ignoring obsolete mdp entry 'ns_type'
Setting the LD random seed to -565463073
Generated 8778 of the 8778 non-bonded parameter combinations
Generating 1-4 interactions: fudge = 0.5
Generated 8778 of the 8778 1-4 parameter combinations
Excluding 3 bonded neighbours molecule type 'Protein_chain_A'
Excluding 2 bonded neighbours molecule type 'SOL'
Excluding 1 bonded neighbours molecule type 'NA'

NOTE 1 [file scaled_0.79.top, line 51995]:
  System has non-zero total charge: 0.444728
  Total charge should normally be an integer. See
  http://www.gromacs.org/Documentation/Floating_Point_Arithmetic
  for discussion on how close it should be to an integer.
  



WARNING 1 [file scaled_0.79.top, line 51995]:
  You are using Ewald electrostatics in a system with net charge. This can
  lead to severe artifacts, such as ions moving into regions with low
  dielectric, due to the uniform background charge. We suggest to
  neutralize your system with counter ions, possibly in combination with a
  physiological salt concentration.

turning H bonds into constraints...
turning H bonds into constraints...
turning H bonds into constraints...

++++ PLEASE READ AND CITE THE FOLLOWING REFERENCE ++++
J. S. Hub, B. L. de Groot, H. Grubmueller, G. Groenhof
Quantifying Artifacts in Ewald Simulations of Inhomogeneous Systems with a Net
Charge
J. Chem. Theory Comput. 10 (2014) pp. 381-393
-------- -------- --- Thank You --- -------- --------

Number of degrees of freedom in T-Coupling group Protein is 9782.78
Number of degrees of freedom in T-Coupling group non-Protein is 122040.22
Estimate for the relative computational load of the PME mesh part: 0.28

NOTE 2 [file ../../../../../mdp_templates/hrex.mdp]:
  This run will generate roughly 14490 Mb of data


There were 2 notes

There was 1 warning

Back Off! I just backed up topol.tpr to ./#topol.tpr.1#

GROMACS reminds you: "Science is a wonderful thing if one does not have to earn one's living at it." (Albert Einstein)

Analysing residue names:
There are:   259    Protein residues
There are: 20337      Water residues
There are:     7        Ion residues
Analysing Protein...
Analysing residues not classified as Protein/DNA/RNA/Water and splitting into groups...
Determining Verlet buffer for a tolerance of 0.005 kJ/mol/ps at 298 K
Calculated rlist for 1x1 atom pair-list as 1.034 nm, buffer size 0.034 nm
Set rlist, assuming 4x4 atom pair-list, to 1.000 nm, buffer size 0.000 nm
Note that mdrun will redetermine rlist based on the actual pair-list setup
Calculating fourier grid dimensions for X Y Z
Using a fourier grid of 56x56x56, spacing 0.155 0.155 0.155
Generated topol.tpr from scaled_0.79.top in ./rep0.79.
Generated scaled_0.76.top in ./rep0.76 with scaling factor 0.76.
               :-) GROMACS - gmx grompp, 2020.6-PLUMED-spack (-:

                            GROMACS is written by:
     Emile Apol      Rossen Apostolov      Paul Bauer     Herman J.C. Berendsen
    Par Bjelkmar      Christian Blau   Viacheslav Bolnykh     Kevin Boyd    
 Aldert van Buuren   Rudi van Drunen     Anton Feenstra       Alan Gray     
  Gerrit Groenhof     Anca Hamuraru    Vincent Hindriksen  M. Eric Irrgang  
  Aleksei Iupinov   Christoph Junghans     Joe Jordan     Dimitrios Karkoulis
    Peter Kasson        Jiri Kraus      Carsten Kutzner      Per Larsson    
  Justin A. Lemkul    Viveca Lindahl    Magnus Lundborg     Erik Marklund   
    Pascal Merz     Pieter Meulenhoff    Teemu Murtola       Szilard Pall   
    Sander Pronk      Roland Schulz      Michael Shirts    Alexey Shvetsov  
   Alfons Sijbers     Peter Tieleman      Jon Vincent      Teemu Virolainen 
 Christian Wennberg    Maarten Wolf      Artem Zhmurov   
                           and the project leaders:
        Mark Abraham, Berk Hess, Erik Lindahl, and David van der Spoel

Copyright (c) 1991-2000, University of Groningen, The Netherlands.
Copyright (c) 2001-2019, The GROMACS development team at
Uppsala University, Stockholm University and
the Royal Institute of Technology, Sweden.
check out http://www.gromacs.org for more information.

GROMACS is free software; you can redistribute it and/or modify it
under the terms of the GNU Lesser General Public License
as published by the Free Software Foundation; either version 2.1
of the License, or (at your option) any later version.

GROMACS:      gmx grompp, version 2020.6-PLUMED-spack
Executable:   /home/blueschmitz/spack/opt/spack/linux-rhel8-cascadelake/gcc-11.3.0/gromacs-2020.6-lp4hfown6wui4otvwejsbjlumqjnmgiq/bin/gmx_mpi
Data prefix:  /home/blueschmitz/spack/opt/spack/linux-rhel8-cascadelake/gcc-11.3.0/gromacs-2020.6-lp4hfown6wui4otvwejsbjlumqjnmgiq
Working dir:  /scratch/blueschmitz/Watching-enzymes-wiggle/MD_simulations/projects/5EKY_monomeric/outputs/6_HREX/rep0.76
Command line:
  gmx_mpi grompp -f ../../../../../mdp_templates/hrex.mdp -c ../npt_5.gro -p scaled_0.76.top -o topol.tpr -maxwarn 1

Ignoring obsolete mdp entry 'ns_type'
Setting the LD random seed to -270632452
Generated 8778 of the 8778 non-bonded parameter combinations
Generating 1-4 interactions: fudge = 0.5
Generated 8778 of the 8778 1-4 parameter combinations
Excluding 3 bonded neighbours molecule type 'Protein_chain_A'
Excluding 2 bonded neighbours molecule type 'SOL'
Excluding 1 bonded neighbours molecule type 'NA'

NOTE 1 [file scaled_0.76.top, line 51995]:
  System has non-zero total charge: 0.512878
  Total charge should normally be an integer. See
  http://www.gromacs.org/Documentation/Floating_Point_Arithmetic
  for discussion on how close it should be to an integer.
  



WARNING 1 [file scaled_0.76.top, line 51995]:
  You are using Ewald electrostatics in a system with net charge. This can
  lead to severe artifacts, such as ions moving into regions with low
  dielectric, due to the uniform background charge. We suggest to
  neutralize your system with counter ions, possibly in combination with a
  physiological salt concentration.

turning H bonds into constraints...
turning H bonds into constraints...
turning H bonds into constraints...

++++ PLEASE READ AND CITE THE FOLLOWING REFERENCE ++++
J. S. Hub, B. L. de Groot, H. Grubmueller, G. Groenhof
Quantifying Artifacts in Ewald Simulations of Inhomogeneous Systems with a Net
Charge
J. Chem. Theory Comput. 10 (2014) pp. 381-393
-------- -------- --- Thank You --- -------- --------

Number of degrees of freedom in T-Coupling group Protein is 9782.78
Number of degrees of freedom in T-Coupling group non-Protein is 122040.22
Estimate for the relative computational load of the PME mesh part: 0.28

NOTE 2 [file ../../../../../mdp_templates/hrex.mdp]:
  This run will generate roughly 14490 Mb of data


There were 2 notes

There was 1 warning

Back Off! I just backed up topol.tpr to ./#topol.tpr.1#

GROMACS reminds you: "Time is the best appraiser of scientific work, and I am aware that an industrial discovery rarely produces all its fruit in the hands of its first inventor." (Louis Pasteur)

Analysing residue names:
There are:   259    Protein residues
There are: 20337      Water residues
There are:     7        Ion residues
Analysing Protein...
Analysing residues not classified as Protein/DNA/RNA/Water and splitting into groups...
Determining Verlet buffer for a tolerance of 0.005 kJ/mol/ps at 298 K
Calculated rlist for 1x1 atom pair-list as 1.034 nm, buffer size 0.034 nm
Set rlist, assuming 4x4 atom pair-list, to 1.000 nm, buffer size 0.000 nm
Note that mdrun will redetermine rlist based on the actual pair-list setup
Calculating fourier grid dimensions for X Y Z
Using a fourier grid of 56x56x56, spacing 0.155 0.155 0.155
Generated topol.tpr from scaled_0.76.top in ./rep0.76.
Generated scaled_0.72.top in ./rep0.72 with scaling factor 0.72.
               :-) GROMACS - gmx grompp, 2020.6-PLUMED-spack (-:

                            GROMACS is written by:
     Emile Apol      Rossen Apostolov      Paul Bauer     Herman J.C. Berendsen
    Par Bjelkmar      Christian Blau   Viacheslav Bolnykh     Kevin Boyd    
 Aldert van Buuren   Rudi van Drunen     Anton Feenstra       Alan Gray     
  Gerrit Groenhof     Anca Hamuraru    Vincent Hindriksen  M. Eric Irrgang  
  Aleksei Iupinov   Christoph Junghans     Joe Jordan     Dimitrios Karkoulis
    Peter Kasson        Jiri Kraus      Carsten Kutzner      Per Larsson    
  Justin A. Lemkul    Viveca Lindahl    Magnus Lundborg     Erik Marklund   
    Pascal Merz     Pieter Meulenhoff    Teemu Murtola       Szilard Pall   
    Sander Pronk      Roland Schulz      Michael Shirts    Alexey Shvetsov  
   Alfons Sijbers     Peter Tieleman      Jon Vincent      Teemu Virolainen 
 Christian Wennberg    Maarten Wolf      Artem Zhmurov   
                           and the project leaders:
        Mark Abraham, Berk Hess, Erik Lindahl, and David van der Spoel

Copyright (c) 1991-2000, University of Groningen, The Netherlands.
Copyright (c) 2001-2019, The GROMACS development team at
Uppsala University, Stockholm University and
the Royal Institute of Technology, Sweden.
check out http://www.gromacs.org for more information.

GROMACS is free software; you can redistribute it and/or modify it
under the terms of the GNU Lesser General Public License
as published by the Free Software Foundation; either version 2.1
of the License, or (at your option) any later version.

GROMACS:      gmx grompp, version 2020.6-PLUMED-spack
Executable:   /home/blueschmitz/spack/opt/spack/linux-rhel8-cascadelake/gcc-11.3.0/gromacs-2020.6-lp4hfown6wui4otvwejsbjlumqjnmgiq/bin/gmx_mpi
Data prefix:  /home/blueschmitz/spack/opt/spack/linux-rhel8-cascadelake/gcc-11.3.0/gromacs-2020.6-lp4hfown6wui4otvwejsbjlumqjnmgiq
Working dir:  /scratch/blueschmitz/Watching-enzymes-wiggle/MD_simulations/projects/5EKY_monomeric/outputs/6_HREX/rep0.72
Command line:
  gmx_mpi grompp -f ../../../../../mdp_templates/hrex.mdp -c ../npt_5.gro -p scaled_0.72.top -o topol.tpr -maxwarn 1

Ignoring obsolete mdp entry 'ns_type'
Setting the LD random seed to 2141182934
Generated 8778 of the 8778 non-bonded parameter combinations
Generating 1-4 interactions: fudge = 0.5
Generated 8778 of the 8778 1-4 parameter combinations
Excluding 3 bonded neighbours molecule type 'Protein_chain_A'
Excluding 2 bonded neighbours molecule type 'SOL'
Excluding 1 bonded neighbours molecule type 'NA'

NOTE 1 [file scaled_0.72.top, line 51995]:
  System has non-zero total charge: 0.605914
  Total charge should normally be an integer. See
  http://www.gromacs.org/Documentation/Floating_Point_Arithmetic
  for discussion on how close it should be to an integer.
  



WARNING 1 [file scaled_0.72.top, line 51995]:
  You are using Ewald electrostatics in a system with net charge. This can
  lead to severe artifacts, such as ions moving into regions with low
  dielectric, due to the uniform background charge. We suggest to
  neutralize your system with counter ions, possibly in combination with a
  physiological salt concentration.

turning H bonds into constraints...
turning H bonds into constraints...
turning H bonds into constraints...

++++ PLEASE READ AND CITE THE FOLLOWING REFERENCE ++++
J. S. Hub, B. L. de Groot, H. Grubmueller, G. Groenhof
Quantifying Artifacts in Ewald Simulations of Inhomogeneous Systems with a Net
Charge
J. Chem. Theory Comput. 10 (2014) pp. 381-393
-------- -------- --- Thank You --- -------- --------

Number of degrees of freedom in T-Coupling group Protein is 9782.78
Number of degrees of freedom in T-Coupling group non-Protein is 122040.22
Estimate for the relative computational load of the PME mesh part: 0.28

NOTE 2 [file ../../../../../mdp_templates/hrex.mdp]:
  This run will generate roughly 14490 Mb of data


There were 2 notes

There was 1 warning

Back Off! I just backed up topol.tpr to ./#topol.tpr.1#

GROMACS reminds you: "Carbohydrates is all they groove" (Frank Zappa)

Analysing residue names:
There are:   259    Protein residues
There are: 20337      Water residues
There are:     7        Ion residues
Analysing Protein...
Analysing residues not classified as Protein/DNA/RNA/Water and splitting into groups...
Determining Verlet buffer for a tolerance of 0.005 kJ/mol/ps at 298 K
Calculated rlist for 1x1 atom pair-list as 1.034 nm, buffer size 0.034 nm
Set rlist, assuming 4x4 atom pair-list, to 1.000 nm, buffer size 0.000 nm
Note that mdrun will redetermine rlist based on the actual pair-list setup
Calculating fourier grid dimensions for X Y Z
Using a fourier grid of 56x56x56, spacing 0.155 0.155 0.155
Generated topol.tpr from scaled_0.72.top in ./rep0.72.
Generated scaled_0.69.top in ./rep0.69 with scaling factor 0.69.
               :-) GROMACS - gmx grompp, 2020.6-PLUMED-spack (-:

                            GROMACS is written by:
     Emile Apol      Rossen Apostolov      Paul Bauer     Herman J.C. Berendsen
    Par Bjelkmar      Christian Blau   Viacheslav Bolnykh     Kevin Boyd    
 Aldert van Buuren   Rudi van Drunen     Anton Feenstra       Alan Gray     
  Gerrit Groenhof     Anca Hamuraru    Vincent Hindriksen  M. Eric Irrgang  
  Aleksei Iupinov   Christoph Junghans     Joe Jordan     Dimitrios Karkoulis
    Peter Kasson        Jiri Kraus      Carsten Kutzner      Per Larsson    
  Justin A. Lemkul    Viveca Lindahl    Magnus Lundborg     Erik Marklund   
    Pascal Merz     Pieter Meulenhoff    Teemu Murtola       Szilard Pall   
    Sander Pronk      Roland Schulz      Michael Shirts    Alexey Shvetsov  
   Alfons Sijbers     Peter Tieleman      Jon Vincent      Teemu Virolainen 
 Christian Wennberg    Maarten Wolf      Artem Zhmurov   
                           and the project leaders:
        Mark Abraham, Berk Hess, Erik Lindahl, and David van der Spoel

Copyright (c) 1991-2000, University of Groningen, The Netherlands.
Copyright (c) 2001-2019, The GROMACS development team at
Uppsala University, Stockholm University and
the Royal Institute of Technology, Sweden.
check out http://www.gromacs.org for more information.

GROMACS is free software; you can redistribute it and/or modify it
under the terms of the GNU Lesser General Public License
as published by the Free Software Foundation; either version 2.1
of the License, or (at your option) any later version.

GROMACS:      gmx grompp, version 2020.6-PLUMED-spack
Executable:   /home/blueschmitz/spack/opt/spack/linux-rhel8-cascadelake/gcc-11.3.0/gromacs-2020.6-lp4hfown6wui4otvwejsbjlumqjnmgiq/bin/gmx_mpi
Data prefix:  /home/blueschmitz/spack/opt/spack/linux-rhel8-cascadelake/gcc-11.3.0/gromacs-2020.6-lp4hfown6wui4otvwejsbjlumqjnmgiq
Working dir:  /scratch/blueschmitz/Watching-enzymes-wiggle/MD_simulations/projects/5EKY_monomeric/outputs/6_HREX/rep0.69
Command line:
  gmx_mpi grompp -f ../../../../../mdp_templates/hrex.mdp -c ../npt_5.gro -p scaled_0.69.top -o topol.tpr -maxwarn 1

Ignoring obsolete mdp entry 'ns_type'
Setting the LD random seed to 2101345743
Generated 8778 of the 8778 non-bonded parameter combinations
Generating 1-4 interactions: fudge = 0.5
Generated 8778 of the 8778 1-4 parameter combinations
Excluding 3 bonded neighbours molecule type 'Protein_chain_A'
Excluding 2 bonded neighbours molecule type 'SOL'
Excluding 1 bonded neighbours molecule type 'NA'

NOTE 1 [file scaled_0.69.top, line 51995]:
  System has non-zero total charge: 0.677376
  Total charge should normally be an integer. See
  http://www.gromacs.org/Documentation/Floating_Point_Arithmetic
  for discussion on how close it should be to an integer.
  



WARNING 1 [file scaled_0.69.top, line 51995]:
  You are using Ewald electrostatics in a system with net charge. This can
  lead to severe artifacts, such as ions moving into regions with low
  dielectric, due to the uniform background charge. We suggest to
  neutralize your system with counter ions, possibly in combination with a
  physiological salt concentration.

turning H bonds into constraints...
turning H bonds into constraints...
turning H bonds into constraints...

++++ PLEASE READ AND CITE THE FOLLOWING REFERENCE ++++
J. S. Hub, B. L. de Groot, H. Grubmueller, G. Groenhof
Quantifying Artifacts in Ewald Simulations of Inhomogeneous Systems with a Net
Charge
J. Chem. Theory Comput. 10 (2014) pp. 381-393
-------- -------- --- Thank You --- -------- --------

Number of degrees of freedom in T-Coupling group Protein is 9782.78
Number of degrees of freedom in T-Coupling group non-Protein is 122040.22
Estimate for the relative computational load of the PME mesh part: 0.28

NOTE 2 [file ../../../../../mdp_templates/hrex.mdp]:
  This run will generate roughly 14490 Mb of data


There were 2 notes

There was 1 warning

Back Off! I just backed up topol.tpr to ./#topol.tpr.1#

GROMACS reminds you: "Unfortunately, "simulation" has become increasingly misused to mean nothing more than "calculation"" (Bill Jorgensen)

Analysing residue names:
There are:   259    Protein residues
There are: 20337      Water residues
There are:     7        Ion residues
Analysing Protein...
Analysing residues not classified as Protein/DNA/RNA/Water and splitting into groups...
Determining Verlet buffer for a tolerance of 0.005 kJ/mol/ps at 298 K
Calculated rlist for 1x1 atom pair-list as 1.034 nm, buffer size 0.034 nm
Set rlist, assuming 4x4 atom pair-list, to 1.000 nm, buffer size 0.000 nm
Note that mdrun will redetermine rlist based on the actual pair-list setup
Calculating fourier grid dimensions for X Y Z
Using a fourier grid of 56x56x56, spacing 0.155 0.155 0.155
Generated topol.tpr from scaled_0.69.top in ./rep0.69.
Generated scaled_0.66.top in ./rep0.66 with scaling factor 0.66.
               :-) GROMACS - gmx grompp, 2020.6-PLUMED-spack (-:

                            GROMACS is written by:
     Emile Apol      Rossen Apostolov      Paul Bauer     Herman J.C. Berendsen
    Par Bjelkmar      Christian Blau   Viacheslav Bolnykh     Kevin Boyd    
 Aldert van Buuren   Rudi van Drunen     Anton Feenstra       Alan Gray     
  Gerrit Groenhof     Anca Hamuraru    Vincent Hindriksen  M. Eric Irrgang  
  Aleksei Iupinov   Christoph Junghans     Joe Jordan     Dimitrios Karkoulis
    Peter Kasson        Jiri Kraus      Carsten Kutzner      Per Larsson    
  Justin A. Lemkul    Viveca Lindahl    Magnus Lundborg     Erik Marklund   
    Pascal Merz     Pieter Meulenhoff    Teemu Murtola       Szilard Pall   
    Sander Pronk      Roland Schulz      Michael Shirts    Alexey Shvetsov  
   Alfons Sijbers     Peter Tieleman      Jon Vincent      Teemu Virolainen 
 Christian Wennberg    Maarten Wolf      Artem Zhmurov   
                           and the project leaders:
        Mark Abraham, Berk Hess, Erik Lindahl, and David van der Spoel

Copyright (c) 1991-2000, University of Groningen, The Netherlands.
Copyright (c) 2001-2019, The GROMACS development team at
Uppsala University, Stockholm University and
the Royal Institute of Technology, Sweden.
check out http://www.gromacs.org for more information.

GROMACS is free software; you can redistribute it and/or modify it
under the terms of the GNU Lesser General Public License
as published by the Free Software Foundation; either version 2.1
of the License, or (at your option) any later version.

GROMACS:      gmx grompp, version 2020.6-PLUMED-spack
Executable:   /home/blueschmitz/spack/opt/spack/linux-rhel8-cascadelake/gcc-11.3.0/gromacs-2020.6-lp4hfown6wui4otvwejsbjlumqjnmgiq/bin/gmx_mpi
Data prefix:  /home/blueschmitz/spack/opt/spack/linux-rhel8-cascadelake/gcc-11.3.0/gromacs-2020.6-lp4hfown6wui4otvwejsbjlumqjnmgiq
Working dir:  /scratch/blueschmitz/Watching-enzymes-wiggle/MD_simulations/projects/5EKY_monomeric/outputs/6_HREX/rep0.66
Command line:
  gmx_mpi grompp -f ../../../../../mdp_templates/hrex.mdp -c ../npt_5.gro -p scaled_0.66.top -o topol.tpr -maxwarn 1

Ignoring obsolete mdp entry 'ns_type'
Setting the LD random seed to -1345445121
Generated 8778 of the 8778 non-bonded parameter combinations
Generating 1-4 interactions: fudge = 0.5
Generated 8778 of the 8778 1-4 parameter combinations
Excluding 3 bonded neighbours molecule type 'Protein_chain_A'
Excluding 2 bonded neighbours molecule type 'SOL'
Excluding 1 bonded neighbours molecule type 'NA'

NOTE 1 [file scaled_0.66.top, line 51995]:
  System has non-zero total charge: 0.750425
  Total charge should normally be an integer. See
  http://www.gromacs.org/Documentation/Floating_Point_Arithmetic
  for discussion on how close it should be to an integer.
  



WARNING 1 [file scaled_0.66.top, line 51995]:
  You are using Ewald electrostatics in a system with net charge. This can
  lead to severe artifacts, such as ions moving into regions with low
  dielectric, due to the uniform background charge. We suggest to
  neutralize your system with counter ions, possibly in combination with a
  physiological salt concentration.

turning H bonds into constraints...
turning H bonds into constraints...
turning H bonds into constraints...

++++ PLEASE READ AND CITE THE FOLLOWING REFERENCE ++++
J. S. Hub, B. L. de Groot, H. Grubmueller, G. Groenhof
Quantifying Artifacts in Ewald Simulations of Inhomogeneous Systems with a Net
Charge
J. Chem. Theory Comput. 10 (2014) pp. 381-393
-------- -------- --- Thank You --- -------- --------

Number of degrees of freedom in T-Coupling group Protein is 9782.78
Number of degrees of freedom in T-Coupling group non-Protein is 122040.22
Estimate for the relative computational load of the PME mesh part: 0.28

NOTE 2 [file ../../../../../mdp_templates/hrex.mdp]:
  This run will generate roughly 14490 Mb of data


There were 2 notes

There was 1 warning

Back Off! I just backed up topol.tpr to ./#topol.tpr.1#

GROMACS reminds you: "Good Music Saves your Soul" (Lemmy)

Analysing residue names:
There are:   259    Protein residues
There are: 20337      Water residues
There are:     7        Ion residues
Analysing Protein...
Analysing residues not classified as Protein/DNA/RNA/Water and splitting into groups...
Determining Verlet buffer for a tolerance of 0.005 kJ/mol/ps at 298 K
Calculated rlist for 1x1 atom pair-list as 1.034 nm, buffer size 0.034 nm
Set rlist, assuming 4x4 atom pair-list, to 1.000 nm, buffer size 0.000 nm
Note that mdrun will redetermine rlist based on the actual pair-list setup
Calculating fourier grid dimensions for X Y Z
Using a fourier grid of 56x56x56, spacing 0.155 0.155 0.155
Generated topol.tpr from scaled_0.66.top in ./rep0.66.
Generated scaled_0.63.top in ./rep0.63 with scaling factor 0.63.
               :-) GROMACS - gmx grompp, 2020.6-PLUMED-spack (-:

                            GROMACS is written by:
     Emile Apol      Rossen Apostolov      Paul Bauer     Herman J.C. Berendsen
    Par Bjelkmar      Christian Blau   Viacheslav Bolnykh     Kevin Boyd    
 Aldert van Buuren   Rudi van Drunen     Anton Feenstra       Alan Gray     
  Gerrit Groenhof     Anca Hamuraru    Vincent Hindriksen  M. Eric Irrgang  
  Aleksei Iupinov   Christoph Junghans     Joe Jordan     Dimitrios Karkoulis
    Peter Kasson        Jiri Kraus      Carsten Kutzner      Per Larsson    
  Justin A. Lemkul    Viveca Lindahl    Magnus Lundborg     Erik Marklund   
    Pascal Merz     Pieter Meulenhoff    Teemu Murtola       Szilard Pall   
    Sander Pronk      Roland Schulz      Michael Shirts    Alexey Shvetsov  
   Alfons Sijbers     Peter Tieleman      Jon Vincent      Teemu Virolainen 
 Christian Wennberg    Maarten Wolf      Artem Zhmurov   
                           and the project leaders:
        Mark Abraham, Berk Hess, Erik Lindahl, and David van der Spoel

Copyright (c) 1991-2000, University of Groningen, The Netherlands.
Copyright (c) 2001-2019, The GROMACS development team at
Uppsala University, Stockholm University and
the Royal Institute of Technology, Sweden.
check out http://www.gromacs.org for more information.

GROMACS is free software; you can redistribute it and/or modify it
under the terms of the GNU Lesser General Public License
as published by the Free Software Foundation; either version 2.1
of the License, or (at your option) any later version.

GROMACS:      gmx grompp, version 2020.6-PLUMED-spack
Executable:   /home/blueschmitz/spack/opt/spack/linux-rhel8-cascadelake/gcc-11.3.0/gromacs-2020.6-lp4hfown6wui4otvwejsbjlumqjnmgiq/bin/gmx_mpi
Data prefix:  /home/blueschmitz/spack/opt/spack/linux-rhel8-cascadelake/gcc-11.3.0/gromacs-2020.6-lp4hfown6wui4otvwejsbjlumqjnmgiq
Working dir:  /scratch/blueschmitz/Watching-enzymes-wiggle/MD_simulations/projects/5EKY_monomeric/outputs/6_HREX/rep0.63
Command line:
  gmx_mpi grompp -f ../../../../../mdp_templates/hrex.mdp -c ../npt_5.gro -p scaled_0.63.top -o topol.tpr -maxwarn 1

Ignoring obsolete mdp entry 'ns_type'
Setting the LD random seed to -16786967
Generated 8778 of the 8778 non-bonded parameter combinations
Generating 1-4 interactions: fudge = 0.5
Generated 8778 of the 8778 1-4 parameter combinations
Excluding 3 bonded neighbours molecule type 'Protein_chain_A'
Excluding 2 bonded neighbours molecule type 'SOL'
Excluding 1 bonded neighbours molecule type 'NA'

NOTE 1 [file scaled_0.63.top, line 51995]:
  System has non-zero total charge: 0.825066
  Total charge should normally be an integer. See
  http://www.gromacs.org/Documentation/Floating_Point_Arithmetic
  for discussion on how close it should be to an integer.
  



WARNING 1 [file scaled_0.63.top, line 51995]:
  You are using Ewald electrostatics in a system with net charge. This can
  lead to severe artifacts, such as ions moving into regions with low
  dielectric, due to the uniform background charge. We suggest to
  neutralize your system with counter ions, possibly in combination with a
  physiological salt concentration.

turning H bonds into constraints...
turning H bonds into constraints...
turning H bonds into constraints...

++++ PLEASE READ AND CITE THE FOLLOWING REFERENCE ++++
J. S. Hub, B. L. de Groot, H. Grubmueller, G. Groenhof
Quantifying Artifacts in Ewald Simulations of Inhomogeneous Systems with a Net
Charge
J. Chem. Theory Comput. 10 (2014) pp. 381-393
-------- -------- --- Thank You --- -------- --------

Number of degrees of freedom in T-Coupling group Protein is 9782.78
Number of degrees of freedom in T-Coupling group non-Protein is 122040.22
Estimate for the relative computational load of the PME mesh part: 0.28

NOTE 2 [file ../../../../../mdp_templates/hrex.mdp]:
  This run will generate roughly 14490 Mb of data


There were 2 notes

There was 1 warning

Back Off! I just backed up topol.tpr to ./#topol.tpr.1#

GROMACS reminds you: "It is now quite lawful for a Catholic woman to avoid pregnancy by a resort to mathematics, though she is still forbidden to resort to physics and chemistry." (Henry Louis Mencken)

Analysing residue names:
There are:   259    Protein residues
There are: 20337      Water residues
There are:     7        Ion residues
Analysing Protein...
Analysing residues not classified as Protein/DNA/RNA/Water and splitting into groups...
Determining Verlet buffer for a tolerance of 0.005 kJ/mol/ps at 298 K
Calculated rlist for 1x1 atom pair-list as 1.034 nm, buffer size 0.034 nm
Set rlist, assuming 4x4 atom pair-list, to 1.000 nm, buffer size 0.000 nm
Note that mdrun will redetermine rlist based on the actual pair-list setup
Calculating fourier grid dimensions for X Y Z
Using a fourier grid of 56x56x56, spacing 0.155 0.155 0.155
Generated topol.tpr from scaled_0.63.top in ./rep0.63.
Generated scaled_0.60.top in ./rep0.60 with scaling factor 0.60.
               :-) GROMACS - gmx grompp, 2020.6-PLUMED-spack (-:

                            GROMACS is written by:
     Emile Apol      Rossen Apostolov      Paul Bauer     Herman J.C. Berendsen
    Par Bjelkmar      Christian Blau   Viacheslav Bolnykh     Kevin Boyd    
 Aldert van Buuren   Rudi van Drunen     Anton Feenstra       Alan Gray     
  Gerrit Groenhof     Anca Hamuraru    Vincent Hindriksen  M. Eric Irrgang  
  Aleksei Iupinov   Christoph Junghans     Joe Jordan     Dimitrios Karkoulis
    Peter Kasson        Jiri Kraus      Carsten Kutzner      Per Larsson    
  Justin A. Lemkul    Viveca Lindahl    Magnus Lundborg     Erik Marklund   
    Pascal Merz     Pieter Meulenhoff    Teemu Murtola       Szilard Pall   
    Sander Pronk      Roland Schulz      Michael Shirts    Alexey Shvetsov  
   Alfons Sijbers     Peter Tieleman      Jon Vincent      Teemu Virolainen 
 Christian Wennberg    Maarten Wolf      Artem Zhmurov   
                           and the project leaders:
        Mark Abraham, Berk Hess, Erik Lindahl, and David van der Spoel

Copyright (c) 1991-2000, University of Groningen, The Netherlands.
Copyright (c) 2001-2019, The GROMACS development team at
Uppsala University, Stockholm University and
the Royal Institute of Technology, Sweden.
check out http://www.gromacs.org for more information.

GROMACS is free software; you can redistribute it and/or modify it
under the terms of the GNU Lesser General Public License
as published by the Free Software Foundation; either version 2.1
of the License, or (at your option) any later version.

GROMACS:      gmx grompp, version 2020.6-PLUMED-spack
Executable:   /home/blueschmitz/spack/opt/spack/linux-rhel8-cascadelake/gcc-11.3.0/gromacs-2020.6-lp4hfown6wui4otvwejsbjlumqjnmgiq/bin/gmx_mpi
Data prefix:  /home/blueschmitz/spack/opt/spack/linux-rhel8-cascadelake/gcc-11.3.0/gromacs-2020.6-lp4hfown6wui4otvwejsbjlumqjnmgiq
Working dir:  /scratch/blueschmitz/Watching-enzymes-wiggle/MD_simulations/projects/5EKY_monomeric/outputs/6_HREX/rep0.60
Command line:
  gmx_mpi grompp -f ../../../../../mdp_templates/hrex.mdp -c ../npt_5.gro -p scaled_0.60.top -o topol.tpr -maxwarn 1

Ignoring obsolete mdp entry 'ns_type'
Setting the LD random seed to -34340881
Generated 8778 of the 8778 non-bonded parameter combinations
Generating 1-4 interactions: fudge = 0.5
Generated 8778 of the 8778 1-4 parameter combinations
Excluding 3 bonded neighbours molecule type 'Protein_chain_A'
Excluding 2 bonded neighbours molecule type 'SOL'
Excluding 1 bonded neighbours molecule type 'NA'

NOTE 1 [file scaled_0.60.top, line 51995]:
  System has non-zero total charge: 0.901648
  Total charge should normally be an integer. See
  http://www.gromacs.org/Documentation/Floating_Point_Arithmetic
  for discussion on how close it should be to an integer.
  



WARNING 1 [file scaled_0.60.top, line 51995]:
  You are using Ewald electrostatics in a system with net charge. This can
  lead to severe artifacts, such as ions moving into regions with low
  dielectric, due to the uniform background charge. We suggest to
  neutralize your system with counter ions, possibly in combination with a
  physiological salt concentration.

turning H bonds into constraints...
turning H bonds into constraints...
turning H bonds into constraints...

++++ PLEASE READ AND CITE THE FOLLOWING REFERENCE ++++
J. S. Hub, B. L. de Groot, H. Grubmueller, G. Groenhof
Quantifying Artifacts in Ewald Simulations of Inhomogeneous Systems with a Net
Charge
J. Chem. Theory Comput. 10 (2014) pp. 381-393
-------- -------- --- Thank You --- -------- --------

Number of degrees of freedom in T-Coupling group Protein is 9782.78
Number of degrees of freedom in T-Coupling group non-Protein is 122040.22
Estimate for the relative computational load of the PME mesh part: 0.28

NOTE 2 [file ../../../../../mdp_templates/hrex.mdp]:
  This run will generate roughly 14490 Mb of data


There were 2 notes

There was 1 warning

Back Off! I just backed up topol.tpr to ./#topol.tpr.1#

GROMACS reminds you: "We Don't Bother Anyone" (LIVE)

Analysing residue names:
There are:   259    Protein residues
There are: 20337      Water residues
There are:     7        Ion residues
Analysing Protein...
Analysing residues not classified as Protein/DNA/RNA/Water and splitting into groups...
Determining Verlet buffer for a tolerance of 0.005 kJ/mol/ps at 298 K
Calculated rlist for 1x1 atom pair-list as 1.034 nm, buffer size 0.034 nm
Set rlist, assuming 4x4 atom pair-list, to 1.000 nm, buffer size 0.000 nm
Note that mdrun will redetermine rlist based on the actual pair-list setup
Calculating fourier grid dimensions for X Y Z
Using a fourier grid of 56x56x56, spacing 0.155 0.155 0.155
Generated topol.tpr from scaled_0.60.top in ./rep0.60.
Generated all scaled topology files and tpr files for HREX replicas.
Sanity checks
               :-) GROMACS - gmx grompp, 2020.6-PLUMED-spack (-:

                            GROMACS is written by:
     Emile Apol      Rossen Apostolov      Paul Bauer     Herman J.C. Berendsen
    Par Bjelkmar      Christian Blau   Viacheslav Bolnykh     Kevin Boyd    
 Aldert van Buuren   Rudi van Drunen     Anton Feenstra       Alan Gray     
  Gerrit Groenhof     Anca Hamuraru    Vincent Hindriksen  M. Eric Irrgang  
  Aleksei Iupinov   Christoph Junghans     Joe Jordan     Dimitrios Karkoulis
    Peter Kasson        Jiri Kraus      Carsten Kutzner      Per Larsson    
  Justin A. Lemkul    Viveca Lindahl    Magnus Lundborg     Erik Marklund   
    Pascal Merz     Pieter Meulenhoff    Teemu Murtola       Szilard Pall   
    Sander Pronk      Roland Schulz      Michael Shirts    Alexey Shvetsov  
   Alfons Sijbers     Peter Tieleman      Jon Vincent      Teemu Virolainen 
 Christian Wennberg    Maarten Wolf      Artem Zhmurov   
                           and the project leaders:
        Mark Abraham, Berk Hess, Erik Lindahl, and David van der Spoel

Copyright (c) 1991-2000, University of Groningen, The Netherlands.
Copyright (c) 2001-2019, The GROMACS development team at
Uppsala University, Stockholm University and
the Royal Institute of Technology, Sweden.
check out http://www.gromacs.org for more information.

GROMACS is free software; you can redistribute it and/or modify it
under the terms of the GNU Lesser General Public License
as published by the Free Software Foundation; either version 2.1
of the License, or (at your option) any later version.

GROMACS:      gmx grompp, version 2020.6-PLUMED-spack
Executable:   /home/blueschmitz/spack/opt/spack/linux-rhel8-cascadelake/gcc-11.3.0/gromacs-2020.6-lp4hfown6wui4otvwejsbjlumqjnmgiq/bin/gmx_mpi
Data prefix:  /home/blueschmitz/spack/opt/spack/linux-rhel8-cascadelake/gcc-11.3.0/gromacs-2020.6-lp4hfown6wui4otvwejsbjlumqjnmgiq
Working dir:  /scratch/blueschmitz/Watching-enzymes-wiggle/MD_simulations/projects/5EKY_monomeric/outputs/5_sanity_checks
Command line:
  gmx_mpi grompp -f ../../../../mdp_templates/sanity_check.mdp -c npt_5.gro -p processed.top -o make_traj.tpr -maxwarn 1


NOTE 1 [file ../../../../mdp_templates/sanity_check.mdp]:
  Setting nstcalcenergy (100) equal to nstenergy (1)


WARNING 1 [file ../../../../mdp_templates/sanity_check.mdp]:
  You are generating velocities so I am assuming you are equilibrating a
  system. You are using Parrinello-Rahman pressure coupling, but this can
  be unstable for equilibration. If your system crashes, try equilibrating
  first with Berendsen pressure coupling. If you are not equilibrating the
  system, you can probably ignore this warning.

Setting the LD random seed to -50463353
Generated 2211 of the 2211 non-bonded parameter combinations
Generating 1-4 interactions: fudge = 0.5
Generated 2211 of the 2211 1-4 parameter combinations
Excluding 3 bonded neighbours molecule type 'Protein_chain_A'
Excluding 2 bonded neighbours molecule type 'SOL'
Excluding 1 bonded neighbours molecule type 'NA'
Velocities were taken from a Maxwell distribution at 298 K
Number of degrees of freedom in T-Coupling group System is 131823.00
Estimate for the relative computational load of the PME mesh part: 0.33

There was 1 note

There was 1 warning

Back Off! I just backed up make_traj.tpr to ./#make_traj.tpr.1#

GROMACS reminds you: "It is not clear that intelligence has any long-term survival value." (Stephen Hawking)

turning H bonds into constraints...
turning H bonds into constraints...
turning H bonds into constraints...
Analysing residue names:
There are:   259    Protein residues
There are: 20337      Water residues
There are:     7        Ion residues
Analysing Protein...
Analysing residues not classified as Protein/DNA/RNA/Water and splitting into groups...
Determining Verlet buffer for a tolerance of 0.005 kJ/mol/ps at 298 K
Calculated rlist for 1x1 atom pair-list as 1.034 nm, buffer size 0.034 nm
Set rlist, assuming 4x4 atom pair-list, to 1.000 nm, buffer size 0.000 nm
Note that mdrun will redetermine rlist based on the actual pair-list setup
Calculating fourier grid dimensions for X Y Z
Using a fourier grid of 80x80x80, spacing 0.108 0.108 0.108
This run will generate roughly 316 Mb of data
                :-) GROMACS - gmx mdrun, 2020.6-PLUMED-spack (-:

                            GROMACS is written by:
     Emile Apol      Rossen Apostolov      Paul Bauer     Herman J.C. Berendsen
    Par Bjelkmar      Christian Blau   Viacheslav Bolnykh     Kevin Boyd    
 Aldert van Buuren   Rudi van Drunen     Anton Feenstra       Alan Gray     
  Gerrit Groenhof     Anca Hamuraru    Vincent Hindriksen  M. Eric Irrgang  
  Aleksei Iupinov   Christoph Junghans     Joe Jordan     Dimitrios Karkoulis
    Peter Kasson        Jiri Kraus      Carsten Kutzner      Per Larsson    
  Justin A. Lemkul    Viveca Lindahl    Magnus Lundborg     Erik Marklund   
    Pascal Merz     Pieter Meulenhoff    Teemu Murtola       Szilard Pall   
    Sander Pronk      Roland Schulz      Michael Shirts    Alexey Shvetsov  
   Alfons Sijbers     Peter Tieleman      Jon Vincent      Teemu Virolainen 
 Christian Wennberg    Maarten Wolf      Artem Zhmurov   
                           and the project leaders:
        Mark Abraham, Berk Hess, Erik Lindahl, and David van der Spoel

Copyright (c) 1991-2000, University of Groningen, The Netherlands.
Copyright (c) 2001-2019, The GROMACS development team at
Uppsala University, Stockholm University and
the Royal Institute of Technology, Sweden.
check out http://www.gromacs.org for more information.

GROMACS is free software; you can redistribute it and/or modify it
under the terms of the GNU Lesser General Public License
as published by the Free Software Foundation; either version 2.1
of the License, or (at your option) any later version.

GROMACS:      gmx mdrun, version 2020.6-PLUMED-spack
Executable:   /home/blueschmitz/spack/opt/spack/linux-rhel8-cascadelake/gcc-11.3.0/gromacs-2020.6-lp4hfown6wui4otvwejsbjlumqjnmgiq/bin/gmx_mpi
Data prefix:  /home/blueschmitz/spack/opt/spack/linux-rhel8-cascadelake/gcc-11.3.0/gromacs-2020.6-lp4hfown6wui4otvwejsbjlumqjnmgiq
Working dir:  /scratch/blueschmitz/Watching-enzymes-wiggle/MD_simulations/projects/5EKY_monomeric/outputs/5_sanity_checks
Command line:
  gmx_mpi mdrun -deffnm make_traj


Back Off! I just backed up make_traj.log to ./#make_traj.log.1#
Reading file make_traj.tpr, VERSION 2020.6-PLUMED-spack (single precision)
Changing nstlist from 10 to 50, rlist from 1 to 1.107

Using 1 MPI process

Non-default thread affinity set, disabling internal thread affinity

Using 8 OpenMP threads 


Back Off! I just backed up make_traj.xtc to ./#make_traj.xtc.1#

Back Off! I just backed up make_traj.edr to ./#make_traj.edr.1#
starting mdrun 'Protein in water'
1000 steps,      2.0 ps.

Writing final coordinates.

Back Off! I just backed up make_traj.gro to ./#make_traj.gro.1#

               Core t (s)   Wall t (s)        (%)
       Time:       54.783        6.882      796.1
                 (ns/day)    (hour/ns)
Performance:       25.136        0.955

GROMACS reminds you: "If you want to save your child from polio, you can pray or you can inoculate... choose science." (Carl Sagan)

               :-) GROMACS - gmx grompp, 2020.6-PLUMED-spack (-:

                            GROMACS is written by:
     Emile Apol      Rossen Apostolov      Paul Bauer     Herman J.C. Berendsen
    Par Bjelkmar      Christian Blau   Viacheslav Bolnykh     Kevin Boyd    
 Aldert van Buuren   Rudi van Drunen     Anton Feenstra       Alan Gray     
  Gerrit Groenhof     Anca Hamuraru    Vincent Hindriksen  M. Eric Irrgang  
  Aleksei Iupinov   Christoph Junghans     Joe Jordan     Dimitrios Karkoulis
    Peter Kasson        Jiri Kraus      Carsten Kutzner      Per Larsson    
  Justin A. Lemkul    Viveca Lindahl    Magnus Lundborg     Erik Marklund   
    Pascal Merz     Pieter Meulenhoff    Teemu Murtola       Szilard Pall   
    Sander Pronk      Roland Schulz      Michael Shirts    Alexey Shvetsov  
   Alfons Sijbers     Peter Tieleman      Jon Vincent      Teemu Virolainen 
 Christian Wennberg    Maarten Wolf      Artem Zhmurov   
                           and the project leaders:
        Mark Abraham, Berk Hess, Erik Lindahl, and David van der Spoel

Copyright (c) 1991-2000, University of Groningen, The Netherlands.
Copyright (c) 2001-2019, The GROMACS development team at
Uppsala University, Stockholm University and
the Royal Institute of Technology, Sweden.
check out http://www.gromacs.org for more information.

GROMACS is free software; you can redistribute it and/or modify it
under the terms of the GNU Lesser General Public License
as published by the Free Software Foundation; either version 2.1
of the License, or (at your option) any later version.

GROMACS:      gmx grompp, version 2020.6-PLUMED-spack
Executable:   /home/blueschmitz/spack/opt/spack/linux-rhel8-cascadelake/gcc-11.3.0/gromacs-2020.6-lp4hfown6wui4otvwejsbjlumqjnmgiq/bin/gmx_mpi
Data prefix:  /home/blueschmitz/spack/opt/spack/linux-rhel8-cascadelake/gcc-11.3.0/gromacs-2020.6-lp4hfown6wui4otvwejsbjlumqjnmgiq
Working dir:  /scratch/blueschmitz/Watching-enzymes-wiggle/MD_simulations/projects/5EKY_monomeric/outputs/5_sanity_checks
Command line:
  gmx_mpi grompp -f ../../../../mdp_templates/sanity_check.mdp -c npt_5.gro -p processed.top -o topol_pro.tpr -maxwarn 1


NOTE 1 [file ../../../../mdp_templates/sanity_check.mdp]:
  Setting nstcalcenergy (100) equal to nstenergy (1)


WARNING 1 [file ../../../../mdp_templates/sanity_check.mdp]:
  You are generating velocities so I am assuming you are equilibrating a
  system. You are using Parrinello-Rahman pressure coupling, but this can
  be unstable for equilibration. If your system crashes, try equilibrating
  first with Berendsen pressure coupling. If you are not equilibrating the
  system, you can probably ignore this warning.

Setting the LD random seed to -554762261
Generated 2211 of the 2211 non-bonded parameter combinations
Generating 1-4 interactions: fudge = 0.5
Generated 2211 of the 2211 1-4 parameter combinations
Excluding 3 bonded neighbours molecule type 'Protein_chain_A'
Excluding 2 bonded neighbours molecule type 'SOL'
Excluding 1 bonded neighbours molecule type 'NA'
Velocities were taken from a Maxwell distribution at 298 K
Number of degrees of freedom in T-Coupling group System is 131823.00
Estimate for the relative computational load of the PME mesh part: 0.33

There was 1 note

There was 1 warning

Back Off! I just backed up topol_pro.tpr to ./#topol_pro.tpr.1#

GROMACS reminds you: "I do not believe continuum electrostatics" (Arieh Warshel, Nobel lecture 2013)

turning H bonds into constraints...
turning H bonds into constraints...
turning H bonds into constraints...
Analysing residue names:
There are:   259    Protein residues
There are: 20337      Water residues
There are:     7        Ion residues
Analysing Protein...
Analysing residues not classified as Protein/DNA/RNA/Water and splitting into groups...
Determining Verlet buffer for a tolerance of 0.005 kJ/mol/ps at 298 K
Calculated rlist for 1x1 atom pair-list as 1.034 nm, buffer size 0.034 nm
Set rlist, assuming 4x4 atom pair-list, to 1.000 nm, buffer size 0.000 nm
Note that mdrun will redetermine rlist based on the actual pair-list setup
Calculating fourier grid dimensions for X Y Z
Using a fourier grid of 80x80x80, spacing 0.108 0.108 0.108
This run will generate roughly 316 Mb of data
                :-) GROMACS - gmx mdrun, 2020.6-PLUMED-spack (-:

                            GROMACS is written by:
     Emile Apol      Rossen Apostolov      Paul Bauer     Herman J.C. Berendsen
    Par Bjelkmar      Christian Blau   Viacheslav Bolnykh     Kevin Boyd    
 Aldert van Buuren   Rudi van Drunen     Anton Feenstra       Alan Gray     
  Gerrit Groenhof     Anca Hamuraru    Vincent Hindriksen  M. Eric Irrgang  
  Aleksei Iupinov   Christoph Junghans     Joe Jordan     Dimitrios Karkoulis
    Peter Kasson        Jiri Kraus      Carsten Kutzner      Per Larsson    
  Justin A. Lemkul    Viveca Lindahl    Magnus Lundborg     Erik Marklund   
    Pascal Merz     Pieter Meulenhoff    Teemu Murtola       Szilard Pall   
    Sander Pronk      Roland Schulz      Michael Shirts    Alexey Shvetsov  
   Alfons Sijbers     Peter Tieleman      Jon Vincent      Teemu Virolainen 
 Christian Wennberg    Maarten Wolf      Artem Zhmurov   
                           and the project leaders:
        Mark Abraham, Berk Hess, Erik Lindahl, and David van der Spoel

Copyright (c) 1991-2000, University of Groningen, The Netherlands.
Copyright (c) 2001-2019, The GROMACS development team at
Uppsala University, Stockholm University and
the Royal Institute of Technology, Sweden.
check out http://www.gromacs.org for more information.

GROMACS is free software; you can redistribute it and/or modify it
under the terms of the GNU Lesser General Public License
as published by the Free Software Foundation; either version 2.1
of the License, or (at your option) any later version.

GROMACS:      gmx mdrun, version 2020.6-PLUMED-spack
Executable:   /home/blueschmitz/spack/opt/spack/linux-rhel8-cascadelake/gcc-11.3.0/gromacs-2020.6-lp4hfown6wui4otvwejsbjlumqjnmgiq/bin/gmx_mpi
Data prefix:  /home/blueschmitz/spack/opt/spack/linux-rhel8-cascadelake/gcc-11.3.0/gromacs-2020.6-lp4hfown6wui4otvwejsbjlumqjnmgiq
Working dir:  /scratch/blueschmitz/Watching-enzymes-wiggle/MD_simulations/projects/5EKY_monomeric/outputs/5_sanity_checks
Command line:
  gmx_mpi mdrun -rerun traj.xtc -s topol_pro.tpr -e ener_pro.edr -g rerun_pro.log


Back Off! I just backed up rerun_pro.log to ./#rerun_pro.log.1#
Reading file topol_pro.tpr, VERSION 2020.6-PLUMED-spack (single precision)
Changing nstlist from 10 to 50, rlist from 1 to 1.107

Using 1 MPI process

Non-default thread affinity set, disabling internal thread affinity

Using 8 OpenMP threads 


Back Off! I just backed up ener_pro.edr to ./#ener_pro.edr.1#
starting md rerun 'Protein in water', reading coordinates from input trajectory 'traj.xtc'

Reading frame       0 time    0.000   Reading frame       1 time    0.002   Reading frame       2 time    0.004   Reading frame       3 time    0.006   Reading frame       4 time    0.008   Reading frame       5 time    0.010   Reading frame       6 time    0.012   Reading frame       7 time    0.014   Reading frame       8 time    0.016   Reading frame       9 time    0.018   Reading frame      10 time    0.020   Reading frame      11 time    0.022   Reading frame      12 time    0.024   Reading frame      13 time    0.026   Reading frame      14 time    0.028   Reading frame      15 time    0.030   Reading frame      16 time    0.032   Reading frame      17 time    0.034   Reading frame      18 time    0.036   Reading frame      19 time    0.038   Reading frame      20 time    0.040   Reading frame      30 time    0.060   Reading frame      40 time    0.080   Reading frame      50 time    0.100   Reading frame      60 time    0.120   Reading frame      70 time    0.140   Reading frame      80 time    0.160   Reading frame      90 time    0.180   Reading frame     100 time    0.200   Reading frame     110 time    0.220   Reading frame     120 time    0.240   Reading frame     130 time    0.260   Reading frame     140 time    0.280   Reading frame     150 time    0.300   Reading frame     160 time    0.320   Reading frame     170 time    0.340   Reading frame     180 time    0.360   Reading frame     190 time    0.380   Reading frame     200 time    0.400   Reading frame     300 time    0.600   Reading frame     400 time    0.800   Reading frame     500 time    1.000   Reading frame     600 time    1.200   Reading frame     700 time    1.400   Reading frame     800 time    1.600   Reading frame     900 time    1.800   Reading frame    1000 time    2.000   Last frame       1000 time    2.000   

NOTE: 55 % of the run time was spent in pair search,
      you might want to increase nstlist (this has no effect on accuracy)

               Core t (s)   Wall t (s)        (%)
       Time:      120.926       15.229      794.1
                 (ns/day)    (hour/ns)
Performance:       11.358        2.113

GROMACS reminds you: "What is a Unix or Linux sysadmin's favourite hangout place? Foo Bar." (Anonymous)

               :-) GROMACS - gmx grompp, 2020.6-PLUMED-spack (-:

                            GROMACS is written by:
     Emile Apol      Rossen Apostolov      Paul Bauer     Herman J.C. Berendsen
    Par Bjelkmar      Christian Blau   Viacheslav Bolnykh     Kevin Boyd    
 Aldert van Buuren   Rudi van Drunen     Anton Feenstra       Alan Gray     
  Gerrit Groenhof     Anca Hamuraru    Vincent Hindriksen  M. Eric Irrgang  
  Aleksei Iupinov   Christoph Junghans     Joe Jordan     Dimitrios Karkoulis
    Peter Kasson        Jiri Kraus      Carsten Kutzner      Per Larsson    
  Justin A. Lemkul    Viveca Lindahl    Magnus Lundborg     Erik Marklund   
    Pascal Merz     Pieter Meulenhoff    Teemu Murtola       Szilard Pall   
    Sander Pronk      Roland Schulz      Michael Shirts    Alexey Shvetsov  
   Alfons Sijbers     Peter Tieleman      Jon Vincent      Teemu Virolainen 
 Christian Wennberg    Maarten Wolf      Artem Zhmurov   
                           and the project leaders:
        Mark Abraham, Berk Hess, Erik Lindahl, and David van der Spoel

Copyright (c) 1991-2000, University of Groningen, The Netherlands.
Copyright (c) 2001-2019, The GROMACS development team at
Uppsala University, Stockholm University and
the Royal Institute of Technology, Sweden.
check out http://www.gromacs.org for more information.

GROMACS is free software; you can redistribute it and/or modify it
under the terms of the GNU Lesser General Public License
as published by the Free Software Foundation; either version 2.1
of the License, or (at your option) any later version.

GROMACS:      gmx grompp, version 2020.6-PLUMED-spack
Executable:   /home/blueschmitz/spack/opt/spack/linux-rhel8-cascadelake/gcc-11.3.0/gromacs-2020.6-lp4hfown6wui4otvwejsbjlumqjnmgiq/bin/gmx_mpi
Data prefix:  /home/blueschmitz/spack/opt/spack/linux-rhel8-cascadelake/gcc-11.3.0/gromacs-2020.6-lp4hfown6wui4otvwejsbjlumqjnmgiq
Working dir:  /scratch/blueschmitz/Watching-enzymes-wiggle/MD_simulations/projects/5EKY_monomeric/outputs/5_sanity_checks
Command line:
  gmx_mpi grompp -f ../../../../mdp_templates/sanity_check.mdp -c npt_5.gro -p scaled_1.00.top -o scaled_1.00.tpr -maxwarn 1


NOTE 1 [file ../../../../mdp_templates/sanity_check.mdp]:
  Setting nstcalcenergy (100) equal to nstenergy (1)


WARNING 1 [file ../../../../mdp_templates/sanity_check.mdp]:
  You are generating velocities so I am assuming you are equilibrating a
  system. You are using Parrinello-Rahman pressure coupling, but this can
  be unstable for equilibration. If your system crashes, try equilibrating
  first with Berendsen pressure coupling. If you are not equilibrating the
  system, you can probably ignore this warning.

Setting the LD random seed to -137462275
Generated 8778 of the 8778 non-bonded parameter combinations
Generating 1-4 interactions: fudge = 0.5
Generated 8778 of the 8778 1-4 parameter combinations
Excluding 3 bonded neighbours molecule type 'Protein_chain_A'
Excluding 2 bonded neighbours molecule type 'SOL'
Excluding 1 bonded neighbours molecule type 'NA'
Velocities were taken from a Maxwell distribution at 298 K
Number of degrees of freedom in T-Coupling group System is 131823.00
Estimate for the relative computational load of the PME mesh part: 0.33

There was 1 note

There was 1 warning

Back Off! I just backed up scaled_1.00.tpr to ./#scaled_1.00.tpr.1#

GROMACS reminds you: "Making merry out of nothing, like in refugee camp" (Gogol Bordello)

turning H bonds into constraints...
turning H bonds into constraints...
turning H bonds into constraints...
Analysing residue names:
There are:   259    Protein residues
There are: 20337      Water residues
There are:     7        Ion residues
Analysing Protein...
Analysing residues not classified as Protein/DNA/RNA/Water and splitting into groups...
Determining Verlet buffer for a tolerance of 0.005 kJ/mol/ps at 298 K
Calculated rlist for 1x1 atom pair-list as 1.034 nm, buffer size 0.034 nm
Set rlist, assuming 4x4 atom pair-list, to 1.000 nm, buffer size 0.000 nm
Note that mdrun will redetermine rlist based on the actual pair-list setup
Calculating fourier grid dimensions for X Y Z
Using a fourier grid of 80x80x80, spacing 0.108 0.108 0.108
This run will generate roughly 316 Mb of data
                :-) GROMACS - gmx mdrun, 2020.6-PLUMED-spack (-:

                            GROMACS is written by:
     Emile Apol      Rossen Apostolov      Paul Bauer     Herman J.C. Berendsen
    Par Bjelkmar      Christian Blau   Viacheslav Bolnykh     Kevin Boyd    
 Aldert van Buuren   Rudi van Drunen     Anton Feenstra       Alan Gray     
  Gerrit Groenhof     Anca Hamuraru    Vincent Hindriksen  M. Eric Irrgang  
  Aleksei Iupinov   Christoph Junghans     Joe Jordan     Dimitrios Karkoulis
    Peter Kasson        Jiri Kraus      Carsten Kutzner      Per Larsson    
  Justin A. Lemkul    Viveca Lindahl    Magnus Lundborg     Erik Marklund   
    Pascal Merz     Pieter Meulenhoff    Teemu Murtola       Szilard Pall   
    Sander Pronk      Roland Schulz      Michael Shirts    Alexey Shvetsov  
   Alfons Sijbers     Peter Tieleman      Jon Vincent      Teemu Virolainen 
 Christian Wennberg    Maarten Wolf      Artem Zhmurov   
                           and the project leaders:
        Mark Abraham, Berk Hess, Erik Lindahl, and David van der Spoel

Copyright (c) 1991-2000, University of Groningen, The Netherlands.
Copyright (c) 2001-2019, The GROMACS development team at
Uppsala University, Stockholm University and
the Royal Institute of Technology, Sweden.
check out http://www.gromacs.org for more information.

GROMACS is free software; you can redistribute it and/or modify it
under the terms of the GNU Lesser General Public License
as published by the Free Software Foundation; either version 2.1
of the License, or (at your option) any later version.

GROMACS:      gmx mdrun, version 2020.6-PLUMED-spack
Executable:   /home/blueschmitz/spack/opt/spack/linux-rhel8-cascadelake/gcc-11.3.0/gromacs-2020.6-lp4hfown6wui4otvwejsbjlumqjnmgiq/bin/gmx_mpi
Data prefix:  /home/blueschmitz/spack/opt/spack/linux-rhel8-cascadelake/gcc-11.3.0/gromacs-2020.6-lp4hfown6wui4otvwejsbjlumqjnmgiq
Working dir:  /scratch/blueschmitz/Watching-enzymes-wiggle/MD_simulations/projects/5EKY_monomeric/outputs/5_sanity_checks
Command line:
  gmx_mpi mdrun -rerun traj.xtc -s scaled_1.00.tpr -e ener_scaled_1.00.edr -g rerun_scaled_1.00.log


Back Off! I just backed up rerun_scaled_1.00.log to ./#rerun_scaled_1.00.log.1#
Reading file scaled_1.00.tpr, VERSION 2020.6-PLUMED-spack (single precision)
Changing nstlist from 10 to 50, rlist from 1 to 1.107

Using 1 MPI process

Non-default thread affinity set, disabling internal thread affinity

Using 8 OpenMP threads 


Back Off! I just backed up ener_scaled_1.00.edr to ./#ener_scaled_1.00.edr.1#
starting md rerun 'Protein  in  water', reading coordinates from input trajectory 'traj.xtc'

Reading frame       0 time    0.000   Reading frame       1 time    0.002   Reading frame       2 time    0.004   Reading frame       3 time    0.006   Reading frame       4 time    0.008   Reading frame       5 time    0.010   Reading frame       6 time    0.012   Reading frame       7 time    0.014   Reading frame       8 time    0.016   Reading frame       9 time    0.018   Reading frame      10 time    0.020   Reading frame      11 time    0.022   Reading frame      12 time    0.024   Reading frame      13 time    0.026   Reading frame      14 time    0.028   Reading frame      15 time    0.030   Reading frame      16 time    0.032   Reading frame      17 time    0.034   Reading frame      18 time    0.036   Reading frame      19 time    0.038   Reading frame      20 time    0.040   Reading frame      30 time    0.060   Reading frame      40 time    0.080   Reading frame      50 time    0.100   Reading frame      60 time    0.120   Reading frame      70 time    0.140   Reading frame      80 time    0.160   Reading frame      90 time    0.180   Reading frame     100 time    0.200   Reading frame     110 time    0.220   Reading frame     120 time    0.240   Reading frame     130 time    0.260   Reading frame     140 time    0.280   Reading frame     150 time    0.300   Reading frame     160 time    0.320   Reading frame     170 time    0.340   Reading frame     180 time    0.360   Reading frame     190 time    0.380   Reading frame     200 time    0.400   Reading frame     300 time    0.600   Reading frame     400 time    0.800   Reading frame     500 time    1.000   Reading frame     600 time    1.200   Reading frame     700 time    1.400   Reading frame     800 time    1.600   Reading frame     900 time    1.800   Reading frame    1000 time    2.000   Last frame       1000 time    2.000   

NOTE: 55 % of the run time was spent in pair search,
      you might want to increase nstlist (this has no effect on accuracy)

               Core t (s)   Wall t (s)        (%)
       Time:      121.849       15.236      799.7
                 (ns/day)    (hour/ns)
Performance:       11.353        2.114

GROMACS reminds you: "... yet the [economic] profession continued to churn out purely theoretical results without even knowing what facts needed to be explained." (Thomas Piketty)

               :-) GROMACS - gmx energy, 2020.6-PLUMED-spack (-:

                            GROMACS is written by:
     Emile Apol      Rossen Apostolov      Paul Bauer     Herman J.C. Berendsen
    Par Bjelkmar      Christian Blau   Viacheslav Bolnykh     Kevin Boyd    
 Aldert van Buuren   Rudi van Drunen     Anton Feenstra       Alan Gray     
  Gerrit Groenhof     Anca Hamuraru    Vincent Hindriksen  M. Eric Irrgang  
  Aleksei Iupinov   Christoph Junghans     Joe Jordan     Dimitrios Karkoulis
    Peter Kasson        Jiri Kraus      Carsten Kutzner      Per Larsson    
  Justin A. Lemkul    Viveca Lindahl    Magnus Lundborg     Erik Marklund   
    Pascal Merz     Pieter Meulenhoff    Teemu Murtola       Szilard Pall   
    Sander Pronk      Roland Schulz      Michael Shirts    Alexey Shvetsov  
   Alfons Sijbers     Peter Tieleman      Jon Vincent      Teemu Virolainen 
 Christian Wennberg    Maarten Wolf      Artem Zhmurov   
                           and the project leaders:
        Mark Abraham, Berk Hess, Erik Lindahl, and David van der Spoel

Copyright (c) 1991-2000, University of Groningen, The Netherlands.
Copyright (c) 2001-2019, The GROMACS development team at
Uppsala University, Stockholm University and
the Royal Institute of Technology, Sweden.
check out http://www.gromacs.org for more information.

GROMACS is free software; you can redistribute it and/or modify it
under the terms of the GNU Lesser General Public License
as published by the Free Software Foundation; either version 2.1
of the License, or (at your option) any later version.

GROMACS:      gmx energy, version 2020.6-PLUMED-spack
Executable:   /home/blueschmitz/spack/opt/spack/linux-rhel8-cascadelake/gcc-11.3.0/gromacs-2020.6-lp4hfown6wui4otvwejsbjlumqjnmgiq/bin/gmx_mpi
Data prefix:  /home/blueschmitz/spack/opt/spack/linux-rhel8-cascadelake/gcc-11.3.0/gromacs-2020.6-lp4hfown6wui4otvwejsbjlumqjnmgiq
Working dir:  /scratch/blueschmitz/Watching-enzymes-wiggle/MD_simulations/projects/5EKY_monomeric/outputs/5_sanity_checks
Command line:
  gmx_mpi energy -f ener_pro.edr -o energies_pro.xvg -xvg none

Opened ener_pro.edr as single precision energy file

Select the terms you want from the following list by
selecting either (part of) the name or the number or a combination.
End your selection with an empty line or a zero.
-------------------------------------------------------------------
  1  Bond             2  Angle            3  Proper-Dih.      4  Improper-Dih. 
  5  LJ-14            6  Coulomb-14       7  LJ-(SR)          8  Coulomb-(SR)  
  9  Coul.-recip.    10  Potential       11  Box-X           12  Box-Y         
 13  Box-Z           14  Volume          15  Density       


Back Off! I just backed up energies_pro.xvg to ./#energies_pro.xvg.1#
Reading energy frame      0 time    0.000         Reading energy frame      1 time    0.002         Reading energy frame      2 time    0.004         Reading energy frame      3 time    0.006         Reading energy frame      4 time    0.008         Reading energy frame      5 time    0.010         Reading energy frame      6 time    0.012         Reading energy frame      7 time    0.014         Reading energy frame      8 time    0.016         Reading energy frame      9 time    0.018         Reading energy frame     10 time    0.020         Reading energy frame     11 time    0.022         Reading energy frame     12 time    0.024         Reading energy frame     13 time    0.026         Reading energy frame     14 time    0.028         Reading energy frame     15 time    0.030         Reading energy frame     16 time    0.032         Reading energy frame     17 time    0.034         Reading energy frame     18 time    0.036         Reading energy frame     19 time    0.038         Reading energy frame     20 time    0.040         Reading energy frame     30 time    0.060         Reading energy frame     40 time    0.080         Reading energy frame     50 time    0.100         Reading energy frame     60 time    0.120         Reading energy frame     70 time    0.140         Reading energy frame     80 time    0.160         Reading energy frame     90 time    0.180         Reading energy frame    100 time    0.200         Reading energy frame    110 time    0.220         Reading energy frame    120 time    0.240         Reading energy frame    130 time    0.260         Reading energy frame    140 time    0.280         Reading energy frame    150 time    0.300         Reading energy frame    160 time    0.320         Reading energy frame    170 time    0.340         Reading energy frame    180 time    0.360         Reading energy frame    190 time    0.380         Reading energy frame    200 time    0.400         Reading energy frame    300 time    0.600         Reading energy frame    400 time    0.800         Reading energy frame    500 time    1.000         Reading energy frame    600 time    1.200         Reading energy frame    700 time    1.400         Reading energy frame    800 time    1.600         Reading energy frame    900 time    1.800         Reading energy frame   1000 time    2.000         Last energy frame read 1000 time    2.000         

GROMACS reminds you: "I Should Be the Pimp Of the Year" (Urban Dance Squad)


Statistics over 1001 steps [ 0.0000 through 2.0000 ps ], 10 data sets
All statistics are over 1001 points (frames)

Energy                      Average   Err.Est.       RMSD  Tot-Drift
-------------------------------------------------------------------------------
Bond                        3119.03         14    94.8737   -86.5399  (kJ/mol)
Angle                          8349         31    155.235   -206.847  (kJ/mol)
Proper Dih.                 10060.1         23    72.1625    143.194  (kJ/mol)
Improper Dih.               637.252        5.7    32.6992    36.6056  (kJ/mol)
LJ-14                       3795.19          8    58.4963    44.2972  (kJ/mol)
Coulomb-14                  49540.3         16    142.075    53.3338  (kJ/mol)
LJ (SR)                      119919        250    1060.55    491.116  (kJ/mol)
Coulomb (SR)             -1.04079e+06        580    1797.26   -976.991  (kJ/mol)
Coul. recip.                5809.29        8.7    68.7501   -26.7053  (kJ/mol)
Potential                   -839564        380    1075.81    -528.54  (kJ/mol)
               :-) GROMACS - gmx energy, 2020.6-PLUMED-spack (-:

                            GROMACS is written by:
     Emile Apol      Rossen Apostolov      Paul Bauer     Herman J.C. Berendsen
    Par Bjelkmar      Christian Blau   Viacheslav Bolnykh     Kevin Boyd    
 Aldert van Buuren   Rudi van Drunen     Anton Feenstra       Alan Gray     
  Gerrit Groenhof     Anca Hamuraru    Vincent Hindriksen  M. Eric Irrgang  
  Aleksei Iupinov   Christoph Junghans     Joe Jordan     Dimitrios Karkoulis
    Peter Kasson        Jiri Kraus      Carsten Kutzner      Per Larsson    
  Justin A. Lemkul    Viveca Lindahl    Magnus Lundborg     Erik Marklund   
    Pascal Merz     Pieter Meulenhoff    Teemu Murtola       Szilard Pall   
    Sander Pronk      Roland Schulz      Michael Shirts    Alexey Shvetsov  
   Alfons Sijbers     Peter Tieleman      Jon Vincent      Teemu Virolainen 
 Christian Wennberg    Maarten Wolf      Artem Zhmurov   
                           and the project leaders:
        Mark Abraham, Berk Hess, Erik Lindahl, and David van der Spoel

Copyright (c) 1991-2000, University of Groningen, The Netherlands.
Copyright (c) 2001-2019, The GROMACS development team at
Uppsala University, Stockholm University and
the Royal Institute of Technology, Sweden.
check out http://www.gromacs.org for more information.

GROMACS is free software; you can redistribute it and/or modify it
under the terms of the GNU Lesser General Public License
as published by the Free Software Foundation; either version 2.1
of the License, or (at your option) any later version.

GROMACS:      gmx energy, version 2020.6-PLUMED-spack
Executable:   /home/blueschmitz/spack/opt/spack/linux-rhel8-cascadelake/gcc-11.3.0/gromacs-2020.6-lp4hfown6wui4otvwejsbjlumqjnmgiq/bin/gmx_mpi
Data prefix:  /home/blueschmitz/spack/opt/spack/linux-rhel8-cascadelake/gcc-11.3.0/gromacs-2020.6-lp4hfown6wui4otvwejsbjlumqjnmgiq
Working dir:  /scratch/blueschmitz/Watching-enzymes-wiggle/MD_simulations/projects/5EKY_monomeric/outputs/5_sanity_checks
Command line:
  gmx_mpi energy -f ener_scaled_1.00.edr -o energies_scaled_1.00.xvg -xvg none

Opened ener_scaled_1.00.edr as single precision energy file

Select the terms you want from the following list by
selecting either (part of) the name or the number or a combination.
End your selection with an empty line or a zero.
-------------------------------------------------------------------
  1  Bond             2  Angle            3  Proper-Dih.      4  Improper-Dih. 
  5  LJ-14            6  Coulomb-14       7  LJ-(SR)          8  Coulomb-(SR)  
  9  Coul.-recip.    10  Potential       11  Box-X           12  Box-Y         
 13  Box-Z           14  Volume          15  Density       


Back Off! I just backed up energies_scaled_1.00.xvg to ./#energies_scaled_1.00.xvg.1#
Reading energy frame      0 time    0.000         Reading energy frame      1 time    0.002         Reading energy frame      2 time    0.004         Reading energy frame      3 time    0.006         Reading energy frame      4 time    0.008         Reading energy frame      5 time    0.010         Reading energy frame      6 time    0.012         Reading energy frame      7 time    0.014         Reading energy frame      8 time    0.016         Reading energy frame      9 time    0.018         Reading energy frame     10 time    0.020         Reading energy frame     11 time    0.022         Reading energy frame     12 time    0.024         Reading energy frame     13 time    0.026         Reading energy frame     14 time    0.028         Reading energy frame     15 time    0.030         Reading energy frame     16 time    0.032         Reading energy frame     17 time    0.034         Reading energy frame     18 time    0.036         Reading energy frame     19 time    0.038         Reading energy frame     20 time    0.040         Reading energy frame     30 time    0.060         Reading energy frame     40 time    0.080         Reading energy frame     50 time    0.100         Reading energy frame     60 time    0.120         Reading energy frame     70 time    0.140         Reading energy frame     80 time    0.160         Reading energy frame     90 time    0.180         Reading energy frame    100 time    0.200         Reading energy frame    110 time    0.220         Reading energy frame    120 time    0.240         Reading energy frame    130 time    0.260         Reading energy frame    140 time    0.280         Reading energy frame    150 time    0.300         Reading energy frame    160 time    0.320         Reading energy frame    170 time    0.340         Reading energy frame    180 time    0.360         Reading energy frame    190 time    0.380         Reading energy frame    200 time    0.400         Reading energy frame    300 time    0.600         Reading energy frame    400 time    0.800         Reading energy frame    500 time    1.000         Reading energy frame    600 time    1.200         Reading energy frame    700 time    1.400         Reading energy frame    800 time    1.600         Reading energy frame    900 time    1.800         Reading energy frame   1000 time    2.000         Last energy frame read 1000 time    2.000         

GROMACS reminds you: "In the processing of models we must be especially cautious of the human weakness to think that models can be verified or validated. Especially one's own." (Roald Hoffmann)


Statistics over 1001 steps [ 0.0000 through 2.0000 ps ], 10 data sets
All statistics are over 1001 points (frames)

Energy                      Average   Err.Est.       RMSD  Tot-Drift
-------------------------------------------------------------------------------
Bond                        3119.03         14    94.8737   -86.5399  (kJ/mol)
Angle                          8349         31    155.235   -206.847  (kJ/mol)
Proper Dih.                 10060.1         23    72.1625    143.194  (kJ/mol)
Improper Dih.               637.252        5.7    32.6992    36.6056  (kJ/mol)
LJ-14                       3795.19          8    58.4963    44.2972  (kJ/mol)
Coulomb-14                  49540.3         16    142.075    53.3338  (kJ/mol)
LJ (SR)                      119919        250    1060.55    491.116  (kJ/mol)
Coulomb (SR)             -1.04079e+06        580    1797.26   -976.991  (kJ/mol)
Coul. recip.                5809.29        8.7    68.7501   -26.7053  (kJ/mol)
Potential                   -839564        380    1075.81    -528.54  (kJ/mol)
               :-) GROMACS - gmx grompp, 2020.6-PLUMED-spack (-:

                            GROMACS is written by:
     Emile Apol      Rossen Apostolov      Paul Bauer     Herman J.C. Berendsen
    Par Bjelkmar      Christian Blau   Viacheslav Bolnykh     Kevin Boyd    
 Aldert van Buuren   Rudi van Drunen     Anton Feenstra       Alan Gray     
  Gerrit Groenhof     Anca Hamuraru    Vincent Hindriksen  M. Eric Irrgang  
  Aleksei Iupinov   Christoph Junghans     Joe Jordan     Dimitrios Karkoulis
    Peter Kasson        Jiri Kraus      Carsten Kutzner      Per Larsson    
  Justin A. Lemkul    Viveca Lindahl    Magnus Lundborg     Erik Marklund   
    Pascal Merz     Pieter Meulenhoff    Teemu Murtola       Szilard Pall   
    Sander Pronk      Roland Schulz      Michael Shirts    Alexey Shvetsov  
   Alfons Sijbers     Peter Tieleman      Jon Vincent      Teemu Virolainen 
 Christian Wennberg    Maarten Wolf      Artem Zhmurov   
                           and the project leaders:
        Mark Abraham, Berk Hess, Erik Lindahl, and David van der Spoel

Copyright (c) 1991-2000, University of Groningen, The Netherlands.
Copyright (c) 2001-2019, The GROMACS development team at
Uppsala University, Stockholm University and
the Royal Institute of Technology, Sweden.
check out http://www.gromacs.org for more information.

GROMACS is free software; you can redistribute it and/or modify it
under the terms of the GNU Lesser General Public License
as published by the Free Software Foundation; either version 2.1
of the License, or (at your option) any later version.

GROMACS:      gmx grompp, version 2020.6-PLUMED-spack
Executable:   /home/blueschmitz/spack/opt/spack/linux-rhel8-cascadelake/gcc-11.3.0/gromacs-2020.6-lp4hfown6wui4otvwejsbjlumqjnmgiq/bin/gmx_mpi
Data prefix:  /home/blueschmitz/spack/opt/spack/linux-rhel8-cascadelake/gcc-11.3.0/gromacs-2020.6-lp4hfown6wui4otvwejsbjlumqjnmgiq
Working dir:  /scratch/blueschmitz/Watching-enzymes-wiggle/MD_simulations/projects/5EKY_monomeric/outputs/5_sanity_checks/rep0
Command line:
  gmx_mpi grompp -f sanity_check_rep0.mdp -c ../npt_5.gro -p ../processed.top -o topol.tpr -maxwarn 1


NOTE 1 [file sanity_check_rep0.mdp]:
  Setting nstcalcenergy (100) equal to nstenergy (1)


WARNING 1 [file sanity_check_rep0.mdp]:
  You are generating velocities so I am assuming you are equilibrating a
  system. You are using Parrinello-Rahman pressure coupling, but this can
  be unstable for equilibration. If your system crashes, try equilibrating
  first with Berendsen pressure coupling. If you are not equilibrating the
  system, you can probably ignore this warning.

Setting the LD random seed to -541330945
Generated 2211 of the 2211 non-bonded parameter combinations
Generating 1-4 interactions: fudge = 0.5
Generated 2211 of the 2211 1-4 parameter combinations
Excluding 3 bonded neighbours molecule type 'Protein_chain_A'
Excluding 2 bonded neighbours molecule type 'SOL'
Excluding 1 bonded neighbours molecule type 'NA'
Velocities were taken from a Maxwell distribution at 298 K
Number of degrees of freedom in T-Coupling group System is 131823.00
Estimate for the relative computational load of the PME mesh part: 0.33

There was 1 note

There was 1 warning

GROMACS reminds you: "Why Do *You* Use Constraints ?" (H.J.C. Berendsen)

turning H bonds into constraints...
turning H bonds into constraints...
turning H bonds into constraints...
Analysing residue names:
There are:   259    Protein residues
There are: 20337      Water residues
There are:     7        Ion residues
Analysing Protein...
Analysing residues not classified as Protein/DNA/RNA/Water and splitting into groups...
Determining Verlet buffer for a tolerance of 0.005 kJ/mol/ps at 298 K
Calculated rlist for 1x1 atom pair-list as 1.034 nm, buffer size 0.034 nm
Set rlist, assuming 4x4 atom pair-list, to 1.000 nm, buffer size 0.000 nm
Note that mdrun will redetermine rlist based on the actual pair-list setup
Calculating fourier grid dimensions for X Y Z
Using a fourier grid of 80x80x80, spacing 0.108 0.108 0.108
This run will generate roughly 316 Mb of data
               :-) GROMACS - gmx grompp, 2020.6-PLUMED-spack (-:

                            GROMACS is written by:
     Emile Apol      Rossen Apostolov      Paul Bauer     Herman J.C. Berendsen
    Par Bjelkmar      Christian Blau   Viacheslav Bolnykh     Kevin Boyd    
 Aldert van Buuren   Rudi van Drunen     Anton Feenstra       Alan Gray     
  Gerrit Groenhof     Anca Hamuraru    Vincent Hindriksen  M. Eric Irrgang  
  Aleksei Iupinov   Christoph Junghans     Joe Jordan     Dimitrios Karkoulis
    Peter Kasson        Jiri Kraus      Carsten Kutzner      Per Larsson    
  Justin A. Lemkul    Viveca Lindahl    Magnus Lundborg     Erik Marklund   
    Pascal Merz     Pieter Meulenhoff    Teemu Murtola       Szilard Pall   
    Sander Pronk      Roland Schulz      Michael Shirts    Alexey Shvetsov  
   Alfons Sijbers     Peter Tieleman      Jon Vincent      Teemu Virolainen 
 Christian Wennberg    Maarten Wolf      Artem Zhmurov   
                           and the project leaders:
        Mark Abraham, Berk Hess, Erik Lindahl, and David van der Spoel

Copyright (c) 1991-2000, University of Groningen, The Netherlands.
Copyright (c) 2001-2019, The GROMACS development team at
Uppsala University, Stockholm University and
the Royal Institute of Technology, Sweden.
check out http://www.gromacs.org for more information.

GROMACS is free software; you can redistribute it and/or modify it
under the terms of the GNU Lesser General Public License
as published by the Free Software Foundation; either version 2.1
of the License, or (at your option) any later version.

GROMACS:      gmx grompp, version 2020.6-PLUMED-spack
Executable:   /home/blueschmitz/spack/opt/spack/linux-rhel8-cascadelake/gcc-11.3.0/gromacs-2020.6-lp4hfown6wui4otvwejsbjlumqjnmgiq/bin/gmx_mpi
Data prefix:  /home/blueschmitz/spack/opt/spack/linux-rhel8-cascadelake/gcc-11.3.0/gromacs-2020.6-lp4hfown6wui4otvwejsbjlumqjnmgiq
Working dir:  /scratch/blueschmitz/Watching-enzymes-wiggle/MD_simulations/projects/5EKY_monomeric/outputs/5_sanity_checks/rep1
Command line:
  gmx_mpi grompp -f ./sanity_check_rep1.mdp -c ../npt_5.gro -p ../scaled_1.00.top -o topol.tpr -maxwarn 1


NOTE 1 [file ./sanity_check_rep1.mdp]:
  Setting nstcalcenergy (100) equal to nstenergy (1)


WARNING 1 [file ./sanity_check_rep1.mdp]:
  You are generating velocities so I am assuming you are equilibrating a
  system. You are using Parrinello-Rahman pressure coupling, but this can
  be unstable for equilibration. If your system crashes, try equilibrating
  first with Berendsen pressure coupling. If you are not equilibrating the
  system, you can probably ignore this warning.

Setting the LD random seed to 1844430719
Generated 8778 of the 8778 non-bonded parameter combinations
Generating 1-4 interactions: fudge = 0.5
Generated 8778 of the 8778 1-4 parameter combinations
Excluding 3 bonded neighbours molecule type 'Protein_chain_A'
Excluding 2 bonded neighbours molecule type 'SOL'
Excluding 1 bonded neighbours molecule type 'NA'
Velocities were taken from a Maxwell distribution at 298 K
Number of degrees of freedom in T-Coupling group System is 131823.00
Estimate for the relative computational load of the PME mesh part: 0.33

There was 1 note

There was 1 warning

GROMACS reminds you: "I've Got Two Turntables and a Microphone" (B. Hansen)

turning H bonds into constraints...
turning H bonds into constraints...
turning H bonds into constraints...
Analysing residue names:
There are:   259    Protein residues
There are: 20337      Water residues
There are:     7        Ion residues
Analysing Protein...
Analysing residues not classified as Protein/DNA/RNA/Water and splitting into groups...
Determining Verlet buffer for a tolerance of 0.005 kJ/mol/ps at 298 K
Calculated rlist for 1x1 atom pair-list as 1.034 nm, buffer size 0.034 nm
Set rlist, assuming 4x4 atom pair-list, to 1.000 nm, buffer size 0.000 nm
Note that mdrun will redetermine rlist based on the actual pair-list setup
Calculating fourier grid dimensions for X Y Z
Using a fourier grid of 80x80x80, spacing 0.108 0.108 0.108
This run will generate roughly 316 Mb of data
                :-) GROMACS - gmx mdrun, 2020.6-PLUMED-spack (-:

                            GROMACS is written by:
     Emile Apol      Rossen Apostolov      Paul Bauer     Herman J.C. Berendsen
    Par Bjelkmar      Christian Blau   Viacheslav Bolnykh     Kevin Boyd    
 Aldert van Buuren   Rudi van Drunen     Anton Feenstra       Alan Gray     
  Gerrit Groenhof     Anca Hamuraru    Vincent Hindriksen  M. Eric Irrgang  
  Aleksei Iupinov   Christoph Junghans     Joe Jordan     Dimitrios Karkoulis
    Peter Kasson        Jiri Kraus      Carsten Kutzner      Per Larsson    
  Justin A. Lemkul    Viveca Lindahl    Magnus Lundborg     Erik Marklund   
    Pascal Merz     Pieter Meulenhoff    Teemu Murtola       Szilard Pall   
    Sander Pronk      Roland Schulz      Michael Shirts    Alexey Shvetsov  
   Alfons Sijbers     Peter Tieleman      Jon Vincent      Teemu Virolainen 
 Christian Wennberg    Maarten Wolf      Artem Zhmurov   
                           and the project leaders:
        Mark Abraham, Berk Hess, Erik Lindahl, and David van der Spoel

Copyright (c) 1991-2000, University of Groningen, The Netherlands.
Copyright (c) 2001-2019, The GROMACS development team at
Uppsala University, Stockholm University and
the Royal Institute of Technology, Sweden.
check out http://www.gromacs.org for more information.

GROMACS is free software; you can redistribute it and/or modify it
under the terms of the GNU Lesser General Public License
as published by the Free Software Foundation; either version 2.1
of the License, or (at your option) any later version.

GROMACS:      gmx mdrun, version 2020.6-PLUMED-spack
Executable:   /home/blueschmitz/spack/opt/spack/linux-rhel8-cascadelake/gcc-11.3.0/gromacs-2020.6-lp4hfown6wui4otvwejsbjlumqjnmgiq/bin/gmx_mpi
Data prefix:  /home/blueschmitz/spack/opt/spack/linux-rhel8-cascadelake/gcc-11.3.0/gromacs-2020.6-lp4hfown6wui4otvwejsbjlumqjnmgiq
Working dir:  /scratch/blueschmitz/Watching-enzymes-wiggle/MD_simulations/projects/5EKY_monomeric/outputs/5_sanity_checks
Command line:
  gmx_mpi mdrun -multidir rep0 rep1 -replex 200 -hrex -plumed plumed.dat

Reading file topol.tpr, VERSION 2020.6-PLUMED-spack (single precision)
Reading file topol.tpr, VERSION 2020.6-PLUMED-spack (single precision)
Changing nstlist from 10 to 50, rlist from 1 to 1.107

Changing nstlist from 10 to 50, rlist from 1 to 1.107

This is simulation 0 out of 2 running as a composite GROMACS
multi-simulation job. Setup for this simulation:

Using 1 MPI process
This is simulation 1 out of 2 running as a composite GROMACS
multi-simulation job. Setup for this simulation:

Using 1 MPI process

Non-default thread affinity set, disabling internal thread affinity

Non-default thread affinity set, disabling internal thread affinity

Using 8 OpenMP threads 


Using 8 OpenMP threads 

starting mdrun 'Protein in water'
1000 steps,      2.0 ps.
starting mdrun 'Protein  in  water'
1000 steps,      2.0 ps.

Writing final coordinates.

Writing final coordinates.

GROMACS reminds you: "Measuring programming progress by lines of code is like measuring aircraft building progress by weight." (Bill Gates)

Replica-exchange acceptance
Initializing Replica Exchange
Repl  There are 2 replicas:
Replica-exchange molecular dynamics method for protein folding
Repl  Using Constant Pressure REMD.
Replica-exchange {M}onte {C}arlo method for the isobaric-isothermal ensemble
Replica exchange in temperature
Repl  p  1.00  1.00
Replica exchange interval: 200
Replica random seed: -861163555
Replica exchange information below: ex and x = exchange, pr = probability
Replica exchange at step 200 time 0.40000
Repl 0 <-> 1  dE_term = -0.000e+00 (kT)
Repl ex  0 x  1
Repl pr   1.0
Replica exchange at step 400 time 0.80000
Repl ex  0    1
Repl pr      
Replica exchange at step 600 time 1.20000
Repl 0 <-> 1  dE_term = -0.000e+00 (kT)
Repl ex  0 x  1
Repl pr   1.0
Replica exchange at step 800 time 1.60000
Repl ex  0    1
Repl pr      
Replica exchange statistics
Repl  4 attempts, 2 odd, 2 even
Repl  average probabilities:
Repl     0    1
Repl      1.0
Repl  number of exchanges:
Repl     0    1
Repl        2
Repl  average number of exchanges:
Repl     0    1
Repl      1.0
Repl        Empirical Transition Matrix
Repl       1       2
Repl  0.5000  0.5000  0
Repl  0.5000  0.5000  1
