
Due to MODULEPATH changes, the following have been reloaded:
  1) fftw/3.3.10_openmp_False


The following have been reloaded with a version change:
  1) openblas/0.3.24_threads_openmp => openblas/0.3.24_threads_none
  2) py-numpy/1.24.0 => py-numpy/1.26.1


Currently Loaded Modules:
  1) slurm/current             16) py-pybind11/2.11.0
  2) DefaultModules            17) py-contourpy/1.0.7
  3) gcc/11.3.0                18) py-cycler/0.11.0
  4) 2024r1                    19) py-fonttools/4.39.4
  5) gsl/2.7.1                 20) py-kiwisolver/1.4.5
  6) zlib/1.2.13               21) py-packaging/23.1
  7) hwloc/2.9.1               22) libjpeg-turbo/3.0.0
  8) openmpi/4.1.6             23) py-pillow/10.0.0
  9) fftw/3.3.10_openmp_False  24) py-pyparsing/3.0.9
 10) plumed/2.8.0              25) py-six/1.16.0
 11) gromacs/2020.6            26) py-python-dateutil/2.8.2
 12) python/3.10.12            27) qhull/2020.2
 13) freetype/2.11.1           28) py-matplotlib/3.7.1
 14) libpng/1.6.39             29) openblas/0.3.24_threads_none
 15) py-setuptools/63.4.3      30) py-numpy/1.26.1

 

Setting up HREX-MD with GROMACS and PLUMED
Removed position restraints from topol_prod.top.
               :-) GROMACS - gmx grompp, 2020.6-PLUMED-spack (-:

                            GROMACS is written by:
     Emile Apol      Rossen Apostolov      Paul Bauer     Herman J.C. Berendsen
    Par Bjelkmar      Christian Blau   Viacheslav Bolnykh     Kevin Boyd    
 Aldert van Buuren   Rudi van Drunen     Anton Feenstra       Alan Gray     
  Gerrit Groenhof     Anca Hamuraru    Vincent Hindriksen  M. Eric Irrgang  
  Aleksei Iupinov   Christoph Junghans     Joe Jordan     Dimitrios Karkoulis
    Peter Kasson        Jiri Kraus      Carsten Kutzner      Per Larsson    
  Justin A. Lemkul    Viveca Lindahl    Magnus Lundborg     Erik Marklund   
    Pascal Merz     Pieter Meulenhoff    Teemu Murtola       Szilard Pall   
    Sander Pronk      Roland Schulz      Michael Shirts    Alexey Shvetsov  
   Alfons Sijbers     Peter Tieleman      Jon Vincent      Teemu Virolainen 
 Christian Wennberg    Maarten Wolf      Artem Zhmurov   
                           and the project leaders:
        Mark Abraham, Berk Hess, Erik Lindahl, and David van der Spoel

Copyright (c) 1991-2000, University of Groningen, The Netherlands.
Copyright (c) 2001-2019, The GROMACS development team at
Uppsala University, Stockholm University and
the Royal Institute of Technology, Sweden.
check out http://www.gromacs.org for more information.

GROMACS is free software; you can redistribute it and/or modify it
under the terms of the GNU Lesser General Public License
as published by the Free Software Foundation; either version 2.1
of the License, or (at your option) any later version.

GROMACS:      gmx grompp, version 2020.6-PLUMED-spack
Executable:   /home/blueschmitz/spack/opt/spack/linux-rhel8-cascadelake/gcc-11.3.0/gromacs-2020.6-lp4hfown6wui4otvwejsbjlumqjnmgiq/bin/gmx_mpi
Data prefix:  /home/blueschmitz/spack/opt/spack/linux-rhel8-cascadelake/gcc-11.3.0/gromacs-2020.6-lp4hfown6wui4otvwejsbjlumqjnmgiq
Working dir:  /scratch/blueschmitz/Watching-enzymes-wiggle/MD_simulations/projects/5EKY_monomeric/outputs/6_HREX
Command line:
  gmx_mpi grompp -f ../../../../mdp_templates/tempering.mdp -c npt_5.gro -p topol_prod.top -pp processed.top -o dummy.tpr -r npt_5.gro -maxwarn 2

Setting the LD random seed to 2080222537

Back Off! I just backed up processed.top to ./#processed.top.9#
Generated 2211 of the 2211 non-bonded parameter combinations
Generating 1-4 interactions: fudge = 0.5
Generated 2211 of the 2211 1-4 parameter combinations
Excluding 3 bonded neighbours molecule type 'Protein_chain_A'
Excluding 2 bonded neighbours molecule type 'SOL'
Excluding 1 bonded neighbours molecule type 'NA'

NOTE 1 [file topol_prod.top, line 37475]:
  For energy conservation with LINCS, lincs_iter should be 2 or larger.


Number of degrees of freedom in T-Coupling group rest is 131823.00

NOTE 2 [file ../../../../mdp_templates/tempering.mdp]:
  NVE simulation: will use the initial temperature of 297.551 K for
  determining the Verlet buffer size

Estimate for the relative computational load of the PME mesh part: 0.35

There were 2 notes

Back Off! I just backed up dummy.tpr to ./#dummy.tpr.9#

GROMACS reminds you: "Catholic School Girls Rule" (Red Hot Chili Peppers)

turning H bonds into constraints...
turning H bonds into constraints...
turning H bonds into constraints...
Analysing residue names:
There are:   259    Protein residues
There are: 20337      Water residues
There are:     7        Ion residues
Analysing Protein...
Analysing residues not classified as Protein/DNA/RNA/Water and splitting into groups...
Determining Verlet buffer for a tolerance of 0.005 kJ/mol/ps at 297.551 K
Calculated rlist for 1x1 atom pair-list as 1.034 nm, buffer size 0.034 nm
Set rlist, assuming 4x4 atom pair-list, to 1.000 nm, buffer size 0.000 nm
Note that mdrun will redetermine rlist based on the actual pair-list setup
Calculating fourier grid dimensions for X Y Z
Using a fourier grid of 80x80x80, spacing 0.108 0.108 0.108
This run will generate roughly 5 Mb of data
Generated self-contained processed.top without position restraints.
Generated processed_scaled.top with selected residues for scaling.
Generated scaled_1.00.top in ./rep1.00 with scaling factor 1.00.
               :-) GROMACS - gmx grompp, 2020.6-PLUMED-spack (-:

                            GROMACS is written by:
     Emile Apol      Rossen Apostolov      Paul Bauer     Herman J.C. Berendsen
    Par Bjelkmar      Christian Blau   Viacheslav Bolnykh     Kevin Boyd    
 Aldert van Buuren   Rudi van Drunen     Anton Feenstra       Alan Gray     
  Gerrit Groenhof     Anca Hamuraru    Vincent Hindriksen  M. Eric Irrgang  
  Aleksei Iupinov   Christoph Junghans     Joe Jordan     Dimitrios Karkoulis
    Peter Kasson        Jiri Kraus      Carsten Kutzner      Per Larsson    
  Justin A. Lemkul    Viveca Lindahl    Magnus Lundborg     Erik Marklund   
    Pascal Merz     Pieter Meulenhoff    Teemu Murtola       Szilard Pall   
    Sander Pronk      Roland Schulz      Michael Shirts    Alexey Shvetsov  
   Alfons Sijbers     Peter Tieleman      Jon Vincent      Teemu Virolainen 
 Christian Wennberg    Maarten Wolf      Artem Zhmurov   
                           and the project leaders:
        Mark Abraham, Berk Hess, Erik Lindahl, and David van der Spoel

Copyright (c) 1991-2000, University of Groningen, The Netherlands.
Copyright (c) 2001-2019, The GROMACS development team at
Uppsala University, Stockholm University and
the Royal Institute of Technology, Sweden.
check out http://www.gromacs.org for more information.

GROMACS is free software; you can redistribute it and/or modify it
under the terms of the GNU Lesser General Public License
as published by the Free Software Foundation; either version 2.1
of the License, or (at your option) any later version.

GROMACS:      gmx grompp, version 2020.6-PLUMED-spack
Executable:   /home/blueschmitz/spack/opt/spack/linux-rhel8-cascadelake/gcc-11.3.0/gromacs-2020.6-lp4hfown6wui4otvwejsbjlumqjnmgiq/bin/gmx_mpi
Data prefix:  /home/blueschmitz/spack/opt/spack/linux-rhel8-cascadelake/gcc-11.3.0/gromacs-2020.6-lp4hfown6wui4otvwejsbjlumqjnmgiq
Working dir:  /scratch/blueschmitz/Watching-enzymes-wiggle/MD_simulations/projects/5EKY_monomeric/outputs/6_HREX/rep1.00
Command line:
  gmx_mpi grompp -f ../../../../../mdp_templates/hrex.mdp -c ../npt_5.gro -p scaled_1.00.top -o topol.tpr -maxwarn 1

Ignoring obsolete mdp entry 'ns_type'
Setting the LD random seed to -1623109
Generated 8778 of the 8778 non-bonded parameter combinations
Generating 1-4 interactions: fudge = 0.5
Generated 8778 of the 8778 1-4 parameter combinations
Excluding 3 bonded neighbours molecule type 'Protein_chain_A'
Excluding 2 bonded neighbours molecule type 'SOL'
Excluding 1 bonded neighbours molecule type 'NA'
Number of degrees of freedom in T-Coupling group Protein is 9782.78
Number of degrees of freedom in T-Coupling group non-Protein is 122040.22
Estimate for the relative computational load of the PME mesh part: 0.28

NOTE 1 [file ../../../../../mdp_templates/hrex.mdp]:
  This run will generate roughly 14490 Mb of data


There was 1 note

Back Off! I just backed up topol.tpr to ./#topol.tpr.4#

GROMACS reminds you: "X-rays will prove to be a hoax." (Lord Kelvin, while president of the Royal Society)

turning H bonds into constraints...
turning H bonds into constraints...
turning H bonds into constraints...
Analysing residue names:
There are:   259    Protein residues
There are: 20337      Water residues
There are:     7        Ion residues
Analysing Protein...
Analysing residues not classified as Protein/DNA/RNA/Water and splitting into groups...
Determining Verlet buffer for a tolerance of 0.005 kJ/mol/ps at 298 K
Calculated rlist for 1x1 atom pair-list as 1.034 nm, buffer size 0.034 nm
Set rlist, assuming 4x4 atom pair-list, to 1.000 nm, buffer size 0.000 nm
Note that mdrun will redetermine rlist based on the actual pair-list setup
Calculating fourier grid dimensions for X Y Z
Using a fourier grid of 56x56x56, spacing 0.155 0.155 0.155
Generated topol.tpr from scaled_1.00.top in ./rep1.00.
Generated scaled_0.95.top in ./rep0.95 with scaling factor 0.95.
               :-) GROMACS - gmx grompp, 2020.6-PLUMED-spack (-:

                            GROMACS is written by:
     Emile Apol      Rossen Apostolov      Paul Bauer     Herman J.C. Berendsen
    Par Bjelkmar      Christian Blau   Viacheslav Bolnykh     Kevin Boyd    
 Aldert van Buuren   Rudi van Drunen     Anton Feenstra       Alan Gray     
  Gerrit Groenhof     Anca Hamuraru    Vincent Hindriksen  M. Eric Irrgang  
  Aleksei Iupinov   Christoph Junghans     Joe Jordan     Dimitrios Karkoulis
    Peter Kasson        Jiri Kraus      Carsten Kutzner      Per Larsson    
  Justin A. Lemkul    Viveca Lindahl    Magnus Lundborg     Erik Marklund   
    Pascal Merz     Pieter Meulenhoff    Teemu Murtola       Szilard Pall   
    Sander Pronk      Roland Schulz      Michael Shirts    Alexey Shvetsov  
   Alfons Sijbers     Peter Tieleman      Jon Vincent      Teemu Virolainen 
 Christian Wennberg    Maarten Wolf      Artem Zhmurov   
                           and the project leaders:
        Mark Abraham, Berk Hess, Erik Lindahl, and David van der Spoel

Copyright (c) 1991-2000, University of Groningen, The Netherlands.
Copyright (c) 2001-2019, The GROMACS development team at
Uppsala University, Stockholm University and
the Royal Institute of Technology, Sweden.
check out http://www.gromacs.org for more information.

GROMACS is free software; you can redistribute it and/or modify it
under the terms of the GNU Lesser General Public License
as published by the Free Software Foundation; either version 2.1
of the License, or (at your option) any later version.

GROMACS:      gmx grompp, version 2020.6-PLUMED-spack
Executable:   /home/blueschmitz/spack/opt/spack/linux-rhel8-cascadelake/gcc-11.3.0/gromacs-2020.6-lp4hfown6wui4otvwejsbjlumqjnmgiq/bin/gmx_mpi
Data prefix:  /home/blueschmitz/spack/opt/spack/linux-rhel8-cascadelake/gcc-11.3.0/gromacs-2020.6-lp4hfown6wui4otvwejsbjlumqjnmgiq
Working dir:  /scratch/blueschmitz/Watching-enzymes-wiggle/MD_simulations/projects/5EKY_monomeric/outputs/6_HREX/rep0.95
Command line:
  gmx_mpi grompp -f ../../../../../mdp_templates/hrex.mdp -c ../npt_5.gro -p scaled_0.95.top -o topol.tpr -maxwarn 1

Ignoring obsolete mdp entry 'ns_type'
Setting the LD random seed to -688750658
Generated 8778 of the 8778 non-bonded parameter combinations
Generating 1-4 interactions: fudge = 0.5
Generated 8778 of the 8778 1-4 parameter combinations
Excluding 3 bonded neighbours molecule type 'Protein_chain_A'
Excluding 2 bonded neighbours molecule type 'SOL'
Excluding 1 bonded neighbours molecule type 'NA'

NOTE 1 [file scaled_0.95.top, line 51995]:
  System has non-zero total charge: 0.101283
  Total charge should normally be an integer. See
  http://www.gromacs.org/Documentation/Floating_Point_Arithmetic
  for discussion on how close it should be to an integer.
  



WARNING 1 [file scaled_0.95.top, line 51995]:
  You are using Ewald electrostatics in a system with net charge. This can
  lead to severe artifacts, such as ions moving into regions with low
  dielectric, due to the uniform background charge. We suggest to
  neutralize your system with counter ions, possibly in combination with a
  physiological salt concentration.

turning H bonds into constraints...
turning H bonds into constraints...
turning H bonds into constraints...

++++ PLEASE READ AND CITE THE FOLLOWING REFERENCE ++++
J. S. Hub, B. L. de Groot, H. Grubmueller, G. Groenhof
Quantifying Artifacts in Ewald Simulations of Inhomogeneous Systems with a Net
Charge
J. Chem. Theory Comput. 10 (2014) pp. 381-393
-------- -------- --- Thank You --- -------- --------

Number of degrees of freedom in T-Coupling group Protein is 9782.78
Number of degrees of freedom in T-Coupling group non-Protein is 122040.22
Estimate for the relative computational load of the PME mesh part: 0.28

NOTE 2 [file ../../../../../mdp_templates/hrex.mdp]:
  This run will generate roughly 14490 Mb of data


There were 2 notes

There was 1 warning

Back Off! I just backed up topol.tpr to ./#topol.tpr.3#

GROMACS reminds you: "Naive you are if you believe life favours those who aren't naive." (Piet Hein)

Analysing residue names:
There are:   259    Protein residues
There are: 20337      Water residues
There are:     7        Ion residues
Analysing Protein...
Analysing residues not classified as Protein/DNA/RNA/Water and splitting into groups...
Determining Verlet buffer for a tolerance of 0.005 kJ/mol/ps at 298 K
Calculated rlist for 1x1 atom pair-list as 1.034 nm, buffer size 0.034 nm
Set rlist, assuming 4x4 atom pair-list, to 1.000 nm, buffer size 0.000 nm
Note that mdrun will redetermine rlist based on the actual pair-list setup
Calculating fourier grid dimensions for X Y Z
Using a fourier grid of 56x56x56, spacing 0.155 0.155 0.155
Generated topol.tpr from scaled_0.95.top in ./rep0.95.
Generated scaled_0.91.top in ./rep0.91 with scaling factor 0.91.
               :-) GROMACS - gmx grompp, 2020.6-PLUMED-spack (-:

                            GROMACS is written by:
     Emile Apol      Rossen Apostolov      Paul Bauer     Herman J.C. Berendsen
    Par Bjelkmar      Christian Blau   Viacheslav Bolnykh     Kevin Boyd    
 Aldert van Buuren   Rudi van Drunen     Anton Feenstra       Alan Gray     
  Gerrit Groenhof     Anca Hamuraru    Vincent Hindriksen  M. Eric Irrgang  
  Aleksei Iupinov   Christoph Junghans     Joe Jordan     Dimitrios Karkoulis
    Peter Kasson        Jiri Kraus      Carsten Kutzner      Per Larsson    
  Justin A. Lemkul    Viveca Lindahl    Magnus Lundborg     Erik Marklund   
    Pascal Merz     Pieter Meulenhoff    Teemu Murtola       Szilard Pall   
    Sander Pronk      Roland Schulz      Michael Shirts    Alexey Shvetsov  
   Alfons Sijbers     Peter Tieleman      Jon Vincent      Teemu Virolainen 
 Christian Wennberg    Maarten Wolf      Artem Zhmurov   
                           and the project leaders:
        Mark Abraham, Berk Hess, Erik Lindahl, and David van der Spoel

Copyright (c) 1991-2000, University of Groningen, The Netherlands.
Copyright (c) 2001-2019, The GROMACS development team at
Uppsala University, Stockholm University and
the Royal Institute of Technology, Sweden.
check out http://www.gromacs.org for more information.

GROMACS is free software; you can redistribute it and/or modify it
under the terms of the GNU Lesser General Public License
as published by the Free Software Foundation; either version 2.1
of the License, or (at your option) any later version.

GROMACS:      gmx grompp, version 2020.6-PLUMED-spack
Executable:   /home/blueschmitz/spack/opt/spack/linux-rhel8-cascadelake/gcc-11.3.0/gromacs-2020.6-lp4hfown6wui4otvwejsbjlumqjnmgiq/bin/gmx_mpi
Data prefix:  /home/blueschmitz/spack/opt/spack/linux-rhel8-cascadelake/gcc-11.3.0/gromacs-2020.6-lp4hfown6wui4otvwejsbjlumqjnmgiq
Working dir:  /scratch/blueschmitz/Watching-enzymes-wiggle/MD_simulations/projects/5EKY_monomeric/outputs/6_HREX/rep0.91
Command line:
  gmx_mpi grompp -f ../../../../../mdp_templates/hrex.mdp -c ../npt_5.gro -p scaled_0.91.top -o topol.tpr -maxwarn 1

Ignoring obsolete mdp entry 'ns_type'
Setting the LD random seed to 798889823
Generated 8778 of the 8778 non-bonded parameter combinations
Generating 1-4 interactions: fudge = 0.5
Generated 8778 of the 8778 1-4 parameter combinations
Excluding 3 bonded neighbours molecule type 'Protein_chain_A'
Excluding 2 bonded neighbours molecule type 'SOL'
Excluding 1 bonded neighbours molecule type 'NA'

NOTE 1 [file scaled_0.91.top, line 51995]:
  System has non-zero total charge: 0.184238
  Total charge should normally be an integer. See
  http://www.gromacs.org/Documentation/Floating_Point_Arithmetic
  for discussion on how close it should be to an integer.
  



WARNING 1 [file scaled_0.91.top, line 51995]:
  You are using Ewald electrostatics in a system with net charge. This can
  lead to severe artifacts, such as ions moving into regions with low
  dielectric, due to the uniform background charge. We suggest to
  neutralize your system with counter ions, possibly in combination with a
  physiological salt concentration.

turning H bonds into constraints...
turning H bonds into constraints...
turning H bonds into constraints...

++++ PLEASE READ AND CITE THE FOLLOWING REFERENCE ++++
J. S. Hub, B. L. de Groot, H. Grubmueller, G. Groenhof
Quantifying Artifacts in Ewald Simulations of Inhomogeneous Systems with a Net
Charge
J. Chem. Theory Comput. 10 (2014) pp. 381-393
-------- -------- --- Thank You --- -------- --------

Number of degrees of freedom in T-Coupling group Protein is 9782.78
Number of degrees of freedom in T-Coupling group non-Protein is 122040.22
Estimate for the relative computational load of the PME mesh part: 0.28

NOTE 2 [file ../../../../../mdp_templates/hrex.mdp]:
  This run will generate roughly 14490 Mb of data


There were 2 notes

There was 1 warning

Back Off! I just backed up topol.tpr to ./#topol.tpr.3#

GROMACS reminds you: "The way to succeed is to double your failure rate." (Thomas J. Watson)

Analysing residue names:
There are:   259    Protein residues
There are: 20337      Water residues
There are:     7        Ion residues
Analysing Protein...
Analysing residues not classified as Protein/DNA/RNA/Water and splitting into groups...
Determining Verlet buffer for a tolerance of 0.005 kJ/mol/ps at 298 K
Calculated rlist for 1x1 atom pair-list as 1.034 nm, buffer size 0.034 nm
Set rlist, assuming 4x4 atom pair-list, to 1.000 nm, buffer size 0.000 nm
Note that mdrun will redetermine rlist based on the actual pair-list setup
Calculating fourier grid dimensions for X Y Z
Using a fourier grid of 56x56x56, spacing 0.155 0.155 0.155
Generated topol.tpr from scaled_0.91.top in ./rep0.91.
Generated scaled_0.87.top in ./rep0.87 with scaling factor 0.87.
               :-) GROMACS - gmx grompp, 2020.6-PLUMED-spack (-:

                            GROMACS is written by:
     Emile Apol      Rossen Apostolov      Paul Bauer     Herman J.C. Berendsen
    Par Bjelkmar      Christian Blau   Viacheslav Bolnykh     Kevin Boyd    
 Aldert van Buuren   Rudi van Drunen     Anton Feenstra       Alan Gray     
  Gerrit Groenhof     Anca Hamuraru    Vincent Hindriksen  M. Eric Irrgang  
  Aleksei Iupinov   Christoph Junghans     Joe Jordan     Dimitrios Karkoulis
    Peter Kasson        Jiri Kraus      Carsten Kutzner      Per Larsson    
  Justin A. Lemkul    Viveca Lindahl    Magnus Lundborg     Erik Marklund   
    Pascal Merz     Pieter Meulenhoff    Teemu Murtola       Szilard Pall   
    Sander Pronk      Roland Schulz      Michael Shirts    Alexey Shvetsov  
   Alfons Sijbers     Peter Tieleman      Jon Vincent      Teemu Virolainen 
 Christian Wennberg    Maarten Wolf      Artem Zhmurov   
                           and the project leaders:
        Mark Abraham, Berk Hess, Erik Lindahl, and David van der Spoel

Copyright (c) 1991-2000, University of Groningen, The Netherlands.
Copyright (c) 2001-2019, The GROMACS development team at
Uppsala University, Stockholm University and
the Royal Institute of Technology, Sweden.
check out http://www.gromacs.org for more information.

GROMACS is free software; you can redistribute it and/or modify it
under the terms of the GNU Lesser General Public License
as published by the Free Software Foundation; either version 2.1
of the License, or (at your option) any later version.

GROMACS:      gmx grompp, version 2020.6-PLUMED-spack
Executable:   /home/blueschmitz/spack/opt/spack/linux-rhel8-cascadelake/gcc-11.3.0/gromacs-2020.6-lp4hfown6wui4otvwejsbjlumqjnmgiq/bin/gmx_mpi
Data prefix:  /home/blueschmitz/spack/opt/spack/linux-rhel8-cascadelake/gcc-11.3.0/gromacs-2020.6-lp4hfown6wui4otvwejsbjlumqjnmgiq
Working dir:  /scratch/blueschmitz/Watching-enzymes-wiggle/MD_simulations/projects/5EKY_monomeric/outputs/6_HREX/rep0.87
Command line:
  gmx_mpi grompp -f ../../../../../mdp_templates/hrex.mdp -c ../npt_5.gro -p scaled_0.87.top -o topol.tpr -maxwarn 1

Ignoring obsolete mdp entry 'ns_type'
Setting the LD random seed to -302068025
Generated 8778 of the 8778 non-bonded parameter combinations
Generating 1-4 interactions: fudge = 0.5
Generated 8778 of the 8778 1-4 parameter combinations
Excluding 3 bonded neighbours molecule type 'Protein_chain_A'
Excluding 2 bonded neighbours molecule type 'SOL'
Excluding 1 bonded neighbours molecule type 'NA'

NOTE 1 [file scaled_0.87.top, line 51995]:
  System has non-zero total charge: 0.269019
  Total charge should normally be an integer. See
  http://www.gromacs.org/Documentation/Floating_Point_Arithmetic
  for discussion on how close it should be to an integer.
  



WARNING 1 [file scaled_0.87.top, line 51995]:
  You are using Ewald electrostatics in a system with net charge. This can
  lead to severe artifacts, such as ions moving into regions with low
  dielectric, due to the uniform background charge. We suggest to
  neutralize your system with counter ions, possibly in combination with a
  physiological salt concentration.

turning H bonds into constraints...
turning H bonds into constraints...
turning H bonds into constraints...

++++ PLEASE READ AND CITE THE FOLLOWING REFERENCE ++++
J. S. Hub, B. L. de Groot, H. Grubmueller, G. Groenhof
Quantifying Artifacts in Ewald Simulations of Inhomogeneous Systems with a Net
Charge
J. Chem. Theory Comput. 10 (2014) pp. 381-393
-------- -------- --- Thank You --- -------- --------

Number of degrees of freedom in T-Coupling group Protein is 9782.78
Number of degrees of freedom in T-Coupling group non-Protein is 122040.22
Estimate for the relative computational load of the PME mesh part: 0.28

NOTE 2 [file ../../../../../mdp_templates/hrex.mdp]:
  This run will generate roughly 14490 Mb of data


There were 2 notes

There was 1 warning

Back Off! I just backed up topol.tpr to ./#topol.tpr.3#

GROMACS reminds you: "Raw data is like raw sewage, it requires some processing before it can be spread around. The opposite is true of theories." (Jim Carr)

Analysing residue names:
There are:   259    Protein residues
There are: 20337      Water residues
There are:     7        Ion residues
Analysing Protein...
Analysing residues not classified as Protein/DNA/RNA/Water and splitting into groups...
Determining Verlet buffer for a tolerance of 0.005 kJ/mol/ps at 298 K
Calculated rlist for 1x1 atom pair-list as 1.034 nm, buffer size 0.034 nm
Set rlist, assuming 4x4 atom pair-list, to 1.000 nm, buffer size 0.000 nm
Note that mdrun will redetermine rlist based on the actual pair-list setup
Calculating fourier grid dimensions for X Y Z
Using a fourier grid of 56x56x56, spacing 0.155 0.155 0.155
Generated topol.tpr from scaled_0.87.top in ./rep0.87.
Generated scaled_0.83.top in ./rep0.83 with scaling factor 0.83.
               :-) GROMACS - gmx grompp, 2020.6-PLUMED-spack (-:

                            GROMACS is written by:
     Emile Apol      Rossen Apostolov      Paul Bauer     Herman J.C. Berendsen
    Par Bjelkmar      Christian Blau   Viacheslav Bolnykh     Kevin Boyd    
 Aldert van Buuren   Rudi van Drunen     Anton Feenstra       Alan Gray     
  Gerrit Groenhof     Anca Hamuraru    Vincent Hindriksen  M. Eric Irrgang  
  Aleksei Iupinov   Christoph Junghans     Joe Jordan     Dimitrios Karkoulis
    Peter Kasson        Jiri Kraus      Carsten Kutzner      Per Larsson    
  Justin A. Lemkul    Viveca Lindahl    Magnus Lundborg     Erik Marklund   
    Pascal Merz     Pieter Meulenhoff    Teemu Murtola       Szilard Pall   
    Sander Pronk      Roland Schulz      Michael Shirts    Alexey Shvetsov  
   Alfons Sijbers     Peter Tieleman      Jon Vincent      Teemu Virolainen 
 Christian Wennberg    Maarten Wolf      Artem Zhmurov   
                           and the project leaders:
        Mark Abraham, Berk Hess, Erik Lindahl, and David van der Spoel

Copyright (c) 1991-2000, University of Groningen, The Netherlands.
Copyright (c) 2001-2019, The GROMACS development team at
Uppsala University, Stockholm University and
the Royal Institute of Technology, Sweden.
check out http://www.gromacs.org for more information.

GROMACS is free software; you can redistribute it and/or modify it
under the terms of the GNU Lesser General Public License
as published by the Free Software Foundation; either version 2.1
of the License, or (at your option) any later version.

GROMACS:      gmx grompp, version 2020.6-PLUMED-spack
Executable:   /home/blueschmitz/spack/opt/spack/linux-rhel8-cascadelake/gcc-11.3.0/gromacs-2020.6-lp4hfown6wui4otvwejsbjlumqjnmgiq/bin/gmx_mpi
Data prefix:  /home/blueschmitz/spack/opt/spack/linux-rhel8-cascadelake/gcc-11.3.0/gromacs-2020.6-lp4hfown6wui4otvwejsbjlumqjnmgiq
Working dir:  /scratch/blueschmitz/Watching-enzymes-wiggle/MD_simulations/projects/5EKY_monomeric/outputs/6_HREX/rep0.83
Command line:
  gmx_mpi grompp -f ../../../../../mdp_templates/hrex.mdp -c ../npt_5.gro -p scaled_0.83.top -o topol.tpr -maxwarn 1

Ignoring obsolete mdp entry 'ns_type'
Setting the LD random seed to 2113912307
Generated 8778 of the 8778 non-bonded parameter combinations
Generating 1-4 interactions: fudge = 0.5
Generated 8778 of the 8778 1-4 parameter combinations
Excluding 3 bonded neighbours molecule type 'Protein_chain_A'
Excluding 2 bonded neighbours molecule type 'SOL'
Excluding 1 bonded neighbours molecule type 'NA'

NOTE 1 [file scaled_0.83.top, line 51995]:
  System has non-zero total charge: 0.355813
  Total charge should normally be an integer. See
  http://www.gromacs.org/Documentation/Floating_Point_Arithmetic
  for discussion on how close it should be to an integer.
  



WARNING 1 [file scaled_0.83.top, line 51995]:
  You are using Ewald electrostatics in a system with net charge. This can
  lead to severe artifacts, such as ions moving into regions with low
  dielectric, due to the uniform background charge. We suggest to
  neutralize your system with counter ions, possibly in combination with a
  physiological salt concentration.

turning H bonds into constraints...
turning H bonds into constraints...
turning H bonds into constraints...

++++ PLEASE READ AND CITE THE FOLLOWING REFERENCE ++++
J. S. Hub, B. L. de Groot, H. Grubmueller, G. Groenhof
Quantifying Artifacts in Ewald Simulations of Inhomogeneous Systems with a Net
Charge
J. Chem. Theory Comput. 10 (2014) pp. 381-393
-------- -------- --- Thank You --- -------- --------

Number of degrees of freedom in T-Coupling group Protein is 9782.78
Number of degrees of freedom in T-Coupling group non-Protein is 122040.22
Estimate for the relative computational load of the PME mesh part: 0.28

NOTE 2 [file ../../../../../mdp_templates/hrex.mdp]:
  This run will generate roughly 14490 Mb of data


There were 2 notes

There was 1 warning

Back Off! I just backed up topol.tpr to ./#topol.tpr.3#

GROMACS reminds you: "Those who cannot remember the past are condemned to compute it." (Steve Pinker)

Analysing residue names:
There are:   259    Protein residues
There are: 20337      Water residues
There are:     7        Ion residues
Analysing Protein...
Analysing residues not classified as Protein/DNA/RNA/Water and splitting into groups...
Determining Verlet buffer for a tolerance of 0.005 kJ/mol/ps at 298 K
Calculated rlist for 1x1 atom pair-list as 1.034 nm, buffer size 0.034 nm
Set rlist, assuming 4x4 atom pair-list, to 1.000 nm, buffer size 0.000 nm
Note that mdrun will redetermine rlist based on the actual pair-list setup
Calculating fourier grid dimensions for X Y Z
Using a fourier grid of 56x56x56, spacing 0.155 0.155 0.155
Generated topol.tpr from scaled_0.83.top in ./rep0.83.
Generated scaled_0.79.top in ./rep0.79 with scaling factor 0.79.
               :-) GROMACS - gmx grompp, 2020.6-PLUMED-spack (-:

                            GROMACS is written by:
     Emile Apol      Rossen Apostolov      Paul Bauer     Herman J.C. Berendsen
    Par Bjelkmar      Christian Blau   Viacheslav Bolnykh     Kevin Boyd    
 Aldert van Buuren   Rudi van Drunen     Anton Feenstra       Alan Gray     
  Gerrit Groenhof     Anca Hamuraru    Vincent Hindriksen  M. Eric Irrgang  
  Aleksei Iupinov   Christoph Junghans     Joe Jordan     Dimitrios Karkoulis
    Peter Kasson        Jiri Kraus      Carsten Kutzner      Per Larsson    
  Justin A. Lemkul    Viveca Lindahl    Magnus Lundborg     Erik Marklund   
    Pascal Merz     Pieter Meulenhoff    Teemu Murtola       Szilard Pall   
    Sander Pronk      Roland Schulz      Michael Shirts    Alexey Shvetsov  
   Alfons Sijbers     Peter Tieleman      Jon Vincent      Teemu Virolainen 
 Christian Wennberg    Maarten Wolf      Artem Zhmurov   
                           and the project leaders:
        Mark Abraham, Berk Hess, Erik Lindahl, and David van der Spoel

Copyright (c) 1991-2000, University of Groningen, The Netherlands.
Copyright (c) 2001-2019, The GROMACS development team at
Uppsala University, Stockholm University and
the Royal Institute of Technology, Sweden.
check out http://www.gromacs.org for more information.

GROMACS is free software; you can redistribute it and/or modify it
under the terms of the GNU Lesser General Public License
as published by the Free Software Foundation; either version 2.1
of the License, or (at your option) any later version.

GROMACS:      gmx grompp, version 2020.6-PLUMED-spack
Executable:   /home/blueschmitz/spack/opt/spack/linux-rhel8-cascadelake/gcc-11.3.0/gromacs-2020.6-lp4hfown6wui4otvwejsbjlumqjnmgiq/bin/gmx_mpi
Data prefix:  /home/blueschmitz/spack/opt/spack/linux-rhel8-cascadelake/gcc-11.3.0/gromacs-2020.6-lp4hfown6wui4otvwejsbjlumqjnmgiq
Working dir:  /scratch/blueschmitz/Watching-enzymes-wiggle/MD_simulations/projects/5EKY_monomeric/outputs/6_HREX/rep0.79
Command line:
  gmx_mpi grompp -f ../../../../../mdp_templates/hrex.mdp -c ../npt_5.gro -p scaled_0.79.top -o topol.tpr -maxwarn 1

Ignoring obsolete mdp entry 'ns_type'
Setting the LD random seed to -707169665
Generated 8778 of the 8778 non-bonded parameter combinations
Generating 1-4 interactions: fudge = 0.5
Generated 8778 of the 8778 1-4 parameter combinations
Excluding 3 bonded neighbours molecule type 'Protein_chain_A'
Excluding 2 bonded neighbours molecule type 'SOL'
Excluding 1 bonded neighbours molecule type 'NA'

NOTE 1 [file scaled_0.79.top, line 51995]:
  System has non-zero total charge: 0.444728
  Total charge should normally be an integer. See
  http://www.gromacs.org/Documentation/Floating_Point_Arithmetic
  for discussion on how close it should be to an integer.
  



WARNING 1 [file scaled_0.79.top, line 51995]:
  You are using Ewald electrostatics in a system with net charge. This can
  lead to severe artifacts, such as ions moving into regions with low
  dielectric, due to the uniform background charge. We suggest to
  neutralize your system with counter ions, possibly in combination with a
  physiological salt concentration.

turning H bonds into constraints...
turning H bonds into constraints...
turning H bonds into constraints...

++++ PLEASE READ AND CITE THE FOLLOWING REFERENCE ++++
J. S. Hub, B. L. de Groot, H. Grubmueller, G. Groenhof
Quantifying Artifacts in Ewald Simulations of Inhomogeneous Systems with a Net
Charge
J. Chem. Theory Comput. 10 (2014) pp. 381-393
-------- -------- --- Thank You --- -------- --------

Number of degrees of freedom in T-Coupling group Protein is 9782.78
Number of degrees of freedom in T-Coupling group non-Protein is 122040.22
Estimate for the relative computational load of the PME mesh part: 0.28

NOTE 2 [file ../../../../../mdp_templates/hrex.mdp]:
  This run will generate roughly 14490 Mb of data


There were 2 notes

There was 1 warning

Back Off! I just backed up topol.tpr to ./#topol.tpr.3#

GROMACS reminds you: "Everybody is Smashing Things Down" (Offspring)

Analysing residue names:
There are:   259    Protein residues
There are: 20337      Water residues
There are:     7        Ion residues
Analysing Protein...
Analysing residues not classified as Protein/DNA/RNA/Water and splitting into groups...
Determining Verlet buffer for a tolerance of 0.005 kJ/mol/ps at 298 K
Calculated rlist for 1x1 atom pair-list as 1.034 nm, buffer size 0.034 nm
Set rlist, assuming 4x4 atom pair-list, to 1.000 nm, buffer size 0.000 nm
Note that mdrun will redetermine rlist based on the actual pair-list setup
Calculating fourier grid dimensions for X Y Z
Using a fourier grid of 56x56x56, spacing 0.155 0.155 0.155
Generated topol.tpr from scaled_0.79.top in ./rep0.79.
Generated scaled_0.76.top in ./rep0.76 with scaling factor 0.76.
               :-) GROMACS - gmx grompp, 2020.6-PLUMED-spack (-:

                            GROMACS is written by:
     Emile Apol      Rossen Apostolov      Paul Bauer     Herman J.C. Berendsen
    Par Bjelkmar      Christian Blau   Viacheslav Bolnykh     Kevin Boyd    
 Aldert van Buuren   Rudi van Drunen     Anton Feenstra       Alan Gray     
  Gerrit Groenhof     Anca Hamuraru    Vincent Hindriksen  M. Eric Irrgang  
  Aleksei Iupinov   Christoph Junghans     Joe Jordan     Dimitrios Karkoulis
    Peter Kasson        Jiri Kraus      Carsten Kutzner      Per Larsson    
  Justin A. Lemkul    Viveca Lindahl    Magnus Lundborg     Erik Marklund   
    Pascal Merz     Pieter Meulenhoff    Teemu Murtola       Szilard Pall   
    Sander Pronk      Roland Schulz      Michael Shirts    Alexey Shvetsov  
   Alfons Sijbers     Peter Tieleman      Jon Vincent      Teemu Virolainen 
 Christian Wennberg    Maarten Wolf      Artem Zhmurov   
                           and the project leaders:
        Mark Abraham, Berk Hess, Erik Lindahl, and David van der Spoel

Copyright (c) 1991-2000, University of Groningen, The Netherlands.
Copyright (c) 2001-2019, The GROMACS development team at
Uppsala University, Stockholm University and
the Royal Institute of Technology, Sweden.
check out http://www.gromacs.org for more information.

GROMACS is free software; you can redistribute it and/or modify it
under the terms of the GNU Lesser General Public License
as published by the Free Software Foundation; either version 2.1
of the License, or (at your option) any later version.

GROMACS:      gmx grompp, version 2020.6-PLUMED-spack
Executable:   /home/blueschmitz/spack/opt/spack/linux-rhel8-cascadelake/gcc-11.3.0/gromacs-2020.6-lp4hfown6wui4otvwejsbjlumqjnmgiq/bin/gmx_mpi
Data prefix:  /home/blueschmitz/spack/opt/spack/linux-rhel8-cascadelake/gcc-11.3.0/gromacs-2020.6-lp4hfown6wui4otvwejsbjlumqjnmgiq
Working dir:  /scratch/blueschmitz/Watching-enzymes-wiggle/MD_simulations/projects/5EKY_monomeric/outputs/6_HREX/rep0.76
Command line:
  gmx_mpi grompp -f ../../../../../mdp_templates/hrex.mdp -c ../npt_5.gro -p scaled_0.76.top -o topol.tpr -maxwarn 1

Ignoring obsolete mdp entry 'ns_type'
Setting the LD random seed to -186975234
Generated 8778 of the 8778 non-bonded parameter combinations
Generating 1-4 interactions: fudge = 0.5
Generated 8778 of the 8778 1-4 parameter combinations
Excluding 3 bonded neighbours molecule type 'Protein_chain_A'
Excluding 2 bonded neighbours molecule type 'SOL'
Excluding 1 bonded neighbours molecule type 'NA'

NOTE 1 [file scaled_0.76.top, line 51995]:
  System has non-zero total charge: 0.512878
  Total charge should normally be an integer. See
  http://www.gromacs.org/Documentation/Floating_Point_Arithmetic
  for discussion on how close it should be to an integer.
  



WARNING 1 [file scaled_0.76.top, line 51995]:
  You are using Ewald electrostatics in a system with net charge. This can
  lead to severe artifacts, such as ions moving into regions with low
  dielectric, due to the uniform background charge. We suggest to
  neutralize your system with counter ions, possibly in combination with a
  physiological salt concentration.

turning H bonds into constraints...
turning H bonds into constraints...
turning H bonds into constraints...

++++ PLEASE READ AND CITE THE FOLLOWING REFERENCE ++++
J. S. Hub, B. L. de Groot, H. Grubmueller, G. Groenhof
Quantifying Artifacts in Ewald Simulations of Inhomogeneous Systems with a Net
Charge
J. Chem. Theory Comput. 10 (2014) pp. 381-393
-------- -------- --- Thank You --- -------- --------

Number of degrees of freedom in T-Coupling group Protein is 9782.78
Number of degrees of freedom in T-Coupling group non-Protein is 122040.22
Estimate for the relative computational load of the PME mesh part: 0.28

NOTE 2 [file ../../../../../mdp_templates/hrex.mdp]:
  This run will generate roughly 14490 Mb of data


There were 2 notes

There was 1 warning

Back Off! I just backed up topol.tpr to ./#topol.tpr.3#

GROMACS reminds you: "You always pass failure on the way to success." (Mickey Rooney)

Analysing residue names:
There are:   259    Protein residues
There are: 20337      Water residues
There are:     7        Ion residues
Analysing Protein...
Analysing residues not classified as Protein/DNA/RNA/Water and splitting into groups...
Determining Verlet buffer for a tolerance of 0.005 kJ/mol/ps at 298 K
Calculated rlist for 1x1 atom pair-list as 1.034 nm, buffer size 0.034 nm
Set rlist, assuming 4x4 atom pair-list, to 1.000 nm, buffer size 0.000 nm
Note that mdrun will redetermine rlist based on the actual pair-list setup
Calculating fourier grid dimensions for X Y Z
Using a fourier grid of 56x56x56, spacing 0.155 0.155 0.155
Generated topol.tpr from scaled_0.76.top in ./rep0.76.
Generated scaled_0.72.top in ./rep0.72 with scaling factor 0.72.
               :-) GROMACS - gmx grompp, 2020.6-PLUMED-spack (-:

                            GROMACS is written by:
     Emile Apol      Rossen Apostolov      Paul Bauer     Herman J.C. Berendsen
    Par Bjelkmar      Christian Blau   Viacheslav Bolnykh     Kevin Boyd    
 Aldert van Buuren   Rudi van Drunen     Anton Feenstra       Alan Gray     
  Gerrit Groenhof     Anca Hamuraru    Vincent Hindriksen  M. Eric Irrgang  
  Aleksei Iupinov   Christoph Junghans     Joe Jordan     Dimitrios Karkoulis
    Peter Kasson        Jiri Kraus      Carsten Kutzner      Per Larsson    
  Justin A. Lemkul    Viveca Lindahl    Magnus Lundborg     Erik Marklund   
    Pascal Merz     Pieter Meulenhoff    Teemu Murtola       Szilard Pall   
    Sander Pronk      Roland Schulz      Michael Shirts    Alexey Shvetsov  
   Alfons Sijbers     Peter Tieleman      Jon Vincent      Teemu Virolainen 
 Christian Wennberg    Maarten Wolf      Artem Zhmurov   
                           and the project leaders:
        Mark Abraham, Berk Hess, Erik Lindahl, and David van der Spoel

Copyright (c) 1991-2000, University of Groningen, The Netherlands.
Copyright (c) 2001-2019, The GROMACS development team at
Uppsala University, Stockholm University and
the Royal Institute of Technology, Sweden.
check out http://www.gromacs.org for more information.

GROMACS is free software; you can redistribute it and/or modify it
under the terms of the GNU Lesser General Public License
as published by the Free Software Foundation; either version 2.1
of the License, or (at your option) any later version.

GROMACS:      gmx grompp, version 2020.6-PLUMED-spack
Executable:   /home/blueschmitz/spack/opt/spack/linux-rhel8-cascadelake/gcc-11.3.0/gromacs-2020.6-lp4hfown6wui4otvwejsbjlumqjnmgiq/bin/gmx_mpi
Data prefix:  /home/blueschmitz/spack/opt/spack/linux-rhel8-cascadelake/gcc-11.3.0/gromacs-2020.6-lp4hfown6wui4otvwejsbjlumqjnmgiq
Working dir:  /scratch/blueschmitz/Watching-enzymes-wiggle/MD_simulations/projects/5EKY_monomeric/outputs/6_HREX/rep0.72
Command line:
  gmx_mpi grompp -f ../../../../../mdp_templates/hrex.mdp -c ../npt_5.gro -p scaled_0.72.top -o topol.tpr -maxwarn 1

Ignoring obsolete mdp entry 'ns_type'
Setting the LD random seed to -155222225
Generated 8778 of the 8778 non-bonded parameter combinations
Generating 1-4 interactions: fudge = 0.5
Generated 8778 of the 8778 1-4 parameter combinations
Excluding 3 bonded neighbours molecule type 'Protein_chain_A'
Excluding 2 bonded neighbours molecule type 'SOL'
Excluding 1 bonded neighbours molecule type 'NA'

NOTE 1 [file scaled_0.72.top, line 51995]:
  System has non-zero total charge: 0.605914
  Total charge should normally be an integer. See
  http://www.gromacs.org/Documentation/Floating_Point_Arithmetic
  for discussion on how close it should be to an integer.
  



WARNING 1 [file scaled_0.72.top, line 51995]:
  You are using Ewald electrostatics in a system with net charge. This can
  lead to severe artifacts, such as ions moving into regions with low
  dielectric, due to the uniform background charge. We suggest to
  neutralize your system with counter ions, possibly in combination with a
  physiological salt concentration.

turning H bonds into constraints...
turning H bonds into constraints...
turning H bonds into constraints...

++++ PLEASE READ AND CITE THE FOLLOWING REFERENCE ++++
J. S. Hub, B. L. de Groot, H. Grubmueller, G. Groenhof
Quantifying Artifacts in Ewald Simulations of Inhomogeneous Systems with a Net
Charge
J. Chem. Theory Comput. 10 (2014) pp. 381-393
-------- -------- --- Thank You --- -------- --------

Number of degrees of freedom in T-Coupling group Protein is 9782.78
Number of degrees of freedom in T-Coupling group non-Protein is 122040.22
Estimate for the relative computational load of the PME mesh part: 0.28

NOTE 2 [file ../../../../../mdp_templates/hrex.mdp]:
  This run will generate roughly 14490 Mb of data


There were 2 notes

There was 1 warning

Back Off! I just backed up topol.tpr to ./#topol.tpr.3#

GROMACS reminds you: "If all else fails, immortality can always be assured by spectacular error." (John Kenneth Galbraith)

Analysing residue names:
There are:   259    Protein residues
There are: 20337      Water residues
There are:     7        Ion residues
Analysing Protein...
Analysing residues not classified as Protein/DNA/RNA/Water and splitting into groups...
Determining Verlet buffer for a tolerance of 0.005 kJ/mol/ps at 298 K
Calculated rlist for 1x1 atom pair-list as 1.034 nm, buffer size 0.034 nm
Set rlist, assuming 4x4 atom pair-list, to 1.000 nm, buffer size 0.000 nm
Note that mdrun will redetermine rlist based on the actual pair-list setup
Calculating fourier grid dimensions for X Y Z
Using a fourier grid of 56x56x56, spacing 0.155 0.155 0.155
Generated topol.tpr from scaled_0.72.top in ./rep0.72.
Generated scaled_0.69.top in ./rep0.69 with scaling factor 0.69.
               :-) GROMACS - gmx grompp, 2020.6-PLUMED-spack (-:

                            GROMACS is written by:
     Emile Apol      Rossen Apostolov      Paul Bauer     Herman J.C. Berendsen
    Par Bjelkmar      Christian Blau   Viacheslav Bolnykh     Kevin Boyd    
 Aldert van Buuren   Rudi van Drunen     Anton Feenstra       Alan Gray     
  Gerrit Groenhof     Anca Hamuraru    Vincent Hindriksen  M. Eric Irrgang  
  Aleksei Iupinov   Christoph Junghans     Joe Jordan     Dimitrios Karkoulis
    Peter Kasson        Jiri Kraus      Carsten Kutzner      Per Larsson    
  Justin A. Lemkul    Viveca Lindahl    Magnus Lundborg     Erik Marklund   
    Pascal Merz     Pieter Meulenhoff    Teemu Murtola       Szilard Pall   
    Sander Pronk      Roland Schulz      Michael Shirts    Alexey Shvetsov  
   Alfons Sijbers     Peter Tieleman      Jon Vincent      Teemu Virolainen 
 Christian Wennberg    Maarten Wolf      Artem Zhmurov   
                           and the project leaders:
        Mark Abraham, Berk Hess, Erik Lindahl, and David van der Spoel

Copyright (c) 1991-2000, University of Groningen, The Netherlands.
Copyright (c) 2001-2019, The GROMACS development team at
Uppsala University, Stockholm University and
the Royal Institute of Technology, Sweden.
check out http://www.gromacs.org for more information.

GROMACS is free software; you can redistribute it and/or modify it
under the terms of the GNU Lesser General Public License
as published by the Free Software Foundation; either version 2.1
of the License, or (at your option) any later version.

GROMACS:      gmx grompp, version 2020.6-PLUMED-spack
Executable:   /home/blueschmitz/spack/opt/spack/linux-rhel8-cascadelake/gcc-11.3.0/gromacs-2020.6-lp4hfown6wui4otvwejsbjlumqjnmgiq/bin/gmx_mpi
Data prefix:  /home/blueschmitz/spack/opt/spack/linux-rhel8-cascadelake/gcc-11.3.0/gromacs-2020.6-lp4hfown6wui4otvwejsbjlumqjnmgiq
Working dir:  /scratch/blueschmitz/Watching-enzymes-wiggle/MD_simulations/projects/5EKY_monomeric/outputs/6_HREX/rep0.69
Command line:
  gmx_mpi grompp -f ../../../../../mdp_templates/hrex.mdp -c ../npt_5.gro -p scaled_0.69.top -o topol.tpr -maxwarn 1

Ignoring obsolete mdp entry 'ns_type'
Setting the LD random seed to -207667201
Generated 8778 of the 8778 non-bonded parameter combinations
Generating 1-4 interactions: fudge = 0.5
Generated 8778 of the 8778 1-4 parameter combinations
Excluding 3 bonded neighbours molecule type 'Protein_chain_A'
Excluding 2 bonded neighbours molecule type 'SOL'
Excluding 1 bonded neighbours molecule type 'NA'

NOTE 1 [file scaled_0.69.top, line 51995]:
  System has non-zero total charge: 0.677376
  Total charge should normally be an integer. See
  http://www.gromacs.org/Documentation/Floating_Point_Arithmetic
  for discussion on how close it should be to an integer.
  



WARNING 1 [file scaled_0.69.top, line 51995]:
  You are using Ewald electrostatics in a system with net charge. This can
  lead to severe artifacts, such as ions moving into regions with low
  dielectric, due to the uniform background charge. We suggest to
  neutralize your system with counter ions, possibly in combination with a
  physiological salt concentration.

turning H bonds into constraints...
turning H bonds into constraints...
turning H bonds into constraints...

++++ PLEASE READ AND CITE THE FOLLOWING REFERENCE ++++
J. S. Hub, B. L. de Groot, H. Grubmueller, G. Groenhof
Quantifying Artifacts in Ewald Simulations of Inhomogeneous Systems with a Net
Charge
J. Chem. Theory Comput. 10 (2014) pp. 381-393
-------- -------- --- Thank You --- -------- --------

Number of degrees of freedom in T-Coupling group Protein is 9782.78
Number of degrees of freedom in T-Coupling group non-Protein is 122040.22
Estimate for the relative computational load of the PME mesh part: 0.28

NOTE 2 [file ../../../../../mdp_templates/hrex.mdp]:
  This run will generate roughly 14490 Mb of data


There were 2 notes

There was 1 warning

Back Off! I just backed up topol.tpr to ./#topol.tpr.3#

GROMACS reminds you: "All sorts of things can happen when you're open to new ideas and playing around with things." (Stephanie Kwolek, inventor of Kevlar)

Analysing residue names:
There are:   259    Protein residues
There are: 20337      Water residues
There are:     7        Ion residues
Analysing Protein...
Analysing residues not classified as Protein/DNA/RNA/Water and splitting into groups...
Determining Verlet buffer for a tolerance of 0.005 kJ/mol/ps at 298 K
Calculated rlist for 1x1 atom pair-list as 1.034 nm, buffer size 0.034 nm
Set rlist, assuming 4x4 atom pair-list, to 1.000 nm, buffer size 0.000 nm
Note that mdrun will redetermine rlist based on the actual pair-list setup
Calculating fourier grid dimensions for X Y Z
Using a fourier grid of 56x56x56, spacing 0.155 0.155 0.155
Generated topol.tpr from scaled_0.69.top in ./rep0.69.
Generated scaled_0.66.top in ./rep0.66 with scaling factor 0.66.
               :-) GROMACS - gmx grompp, 2020.6-PLUMED-spack (-:

                            GROMACS is written by:
     Emile Apol      Rossen Apostolov      Paul Bauer     Herman J.C. Berendsen
    Par Bjelkmar      Christian Blau   Viacheslav Bolnykh     Kevin Boyd    
 Aldert van Buuren   Rudi van Drunen     Anton Feenstra       Alan Gray     
  Gerrit Groenhof     Anca Hamuraru    Vincent Hindriksen  M. Eric Irrgang  
  Aleksei Iupinov   Christoph Junghans     Joe Jordan     Dimitrios Karkoulis
    Peter Kasson        Jiri Kraus      Carsten Kutzner      Per Larsson    
  Justin A. Lemkul    Viveca Lindahl    Magnus Lundborg     Erik Marklund   
    Pascal Merz     Pieter Meulenhoff    Teemu Murtola       Szilard Pall   
    Sander Pronk      Roland Schulz      Michael Shirts    Alexey Shvetsov  
   Alfons Sijbers     Peter Tieleman      Jon Vincent      Teemu Virolainen 
 Christian Wennberg    Maarten Wolf      Artem Zhmurov   
                           and the project leaders:
        Mark Abraham, Berk Hess, Erik Lindahl, and David van der Spoel

Copyright (c) 1991-2000, University of Groningen, The Netherlands.
Copyright (c) 2001-2019, The GROMACS development team at
Uppsala University, Stockholm University and
the Royal Institute of Technology, Sweden.
check out http://www.gromacs.org for more information.

GROMACS is free software; you can redistribute it and/or modify it
under the terms of the GNU Lesser General Public License
as published by the Free Software Foundation; either version 2.1
of the License, or (at your option) any later version.

GROMACS:      gmx grompp, version 2020.6-PLUMED-spack
Executable:   /home/blueschmitz/spack/opt/spack/linux-rhel8-cascadelake/gcc-11.3.0/gromacs-2020.6-lp4hfown6wui4otvwejsbjlumqjnmgiq/bin/gmx_mpi
Data prefix:  /home/blueschmitz/spack/opt/spack/linux-rhel8-cascadelake/gcc-11.3.0/gromacs-2020.6-lp4hfown6wui4otvwejsbjlumqjnmgiq
Working dir:  /scratch/blueschmitz/Watching-enzymes-wiggle/MD_simulations/projects/5EKY_monomeric/outputs/6_HREX/rep0.66
Command line:
  gmx_mpi grompp -f ../../../../../mdp_templates/hrex.mdp -c ../npt_5.gro -p scaled_0.66.top -o topol.tpr -maxwarn 1

Ignoring obsolete mdp entry 'ns_type'
Setting the LD random seed to -140513457
Generated 8778 of the 8778 non-bonded parameter combinations
Generating 1-4 interactions: fudge = 0.5
Generated 8778 of the 8778 1-4 parameter combinations
Excluding 3 bonded neighbours molecule type 'Protein_chain_A'
Excluding 2 bonded neighbours molecule type 'SOL'
Excluding 1 bonded neighbours molecule type 'NA'

NOTE 1 [file scaled_0.66.top, line 51995]:
  System has non-zero total charge: 0.750425
  Total charge should normally be an integer. See
  http://www.gromacs.org/Documentation/Floating_Point_Arithmetic
  for discussion on how close it should be to an integer.
  



WARNING 1 [file scaled_0.66.top, line 51995]:
  You are using Ewald electrostatics in a system with net charge. This can
  lead to severe artifacts, such as ions moving into regions with low
  dielectric, due to the uniform background charge. We suggest to
  neutralize your system with counter ions, possibly in combination with a
  physiological salt concentration.

turning H bonds into constraints...
turning H bonds into constraints...
turning H bonds into constraints...

++++ PLEASE READ AND CITE THE FOLLOWING REFERENCE ++++
J. S. Hub, B. L. de Groot, H. Grubmueller, G. Groenhof
Quantifying Artifacts in Ewald Simulations of Inhomogeneous Systems with a Net
Charge
J. Chem. Theory Comput. 10 (2014) pp. 381-393
-------- -------- --- Thank You --- -------- --------

Number of degrees of freedom in T-Coupling group Protein is 9782.78
Number of degrees of freedom in T-Coupling group non-Protein is 122040.22
Estimate for the relative computational load of the PME mesh part: 0.28

NOTE 2 [file ../../../../../mdp_templates/hrex.mdp]:
  This run will generate roughly 14490 Mb of data


There were 2 notes

There was 1 warning

Back Off! I just backed up topol.tpr to ./#topol.tpr.3#

GROMACS reminds you: "I'm Looking for a New Simulation" (Stone Temple Pilots)

Analysing residue names:
There are:   259    Protein residues
There are: 20337      Water residues
There are:     7        Ion residues
Analysing Protein...
Analysing residues not classified as Protein/DNA/RNA/Water and splitting into groups...
Determining Verlet buffer for a tolerance of 0.005 kJ/mol/ps at 298 K
Calculated rlist for 1x1 atom pair-list as 1.034 nm, buffer size 0.034 nm
Set rlist, assuming 4x4 atom pair-list, to 1.000 nm, buffer size 0.000 nm
Note that mdrun will redetermine rlist based on the actual pair-list setup
Calculating fourier grid dimensions for X Y Z
Using a fourier grid of 56x56x56, spacing 0.155 0.155 0.155
Generated topol.tpr from scaled_0.66.top in ./rep0.66.
Generated scaled_0.63.top in ./rep0.63 with scaling factor 0.63.
               :-) GROMACS - gmx grompp, 2020.6-PLUMED-spack (-:

                            GROMACS is written by:
     Emile Apol      Rossen Apostolov      Paul Bauer     Herman J.C. Berendsen
    Par Bjelkmar      Christian Blau   Viacheslav Bolnykh     Kevin Boyd    
 Aldert van Buuren   Rudi van Drunen     Anton Feenstra       Alan Gray     
  Gerrit Groenhof     Anca Hamuraru    Vincent Hindriksen  M. Eric Irrgang  
  Aleksei Iupinov   Christoph Junghans     Joe Jordan     Dimitrios Karkoulis
    Peter Kasson        Jiri Kraus      Carsten Kutzner      Per Larsson    
  Justin A. Lemkul    Viveca Lindahl    Magnus Lundborg     Erik Marklund   
    Pascal Merz     Pieter Meulenhoff    Teemu Murtola       Szilard Pall   
    Sander Pronk      Roland Schulz      Michael Shirts    Alexey Shvetsov  
   Alfons Sijbers     Peter Tieleman      Jon Vincent      Teemu Virolainen 
 Christian Wennberg    Maarten Wolf      Artem Zhmurov   
                           and the project leaders:
        Mark Abraham, Berk Hess, Erik Lindahl, and David van der Spoel

Copyright (c) 1991-2000, University of Groningen, The Netherlands.
Copyright (c) 2001-2019, The GROMACS development team at
Uppsala University, Stockholm University and
the Royal Institute of Technology, Sweden.
check out http://www.gromacs.org for more information.

GROMACS is free software; you can redistribute it and/or modify it
under the terms of the GNU Lesser General Public License
as published by the Free Software Foundation; either version 2.1
of the License, or (at your option) any later version.

GROMACS:      gmx grompp, version 2020.6-PLUMED-spack
Executable:   /home/blueschmitz/spack/opt/spack/linux-rhel8-cascadelake/gcc-11.3.0/gromacs-2020.6-lp4hfown6wui4otvwejsbjlumqjnmgiq/bin/gmx_mpi
Data prefix:  /home/blueschmitz/spack/opt/spack/linux-rhel8-cascadelake/gcc-11.3.0/gromacs-2020.6-lp4hfown6wui4otvwejsbjlumqjnmgiq
Working dir:  /scratch/blueschmitz/Watching-enzymes-wiggle/MD_simulations/projects/5EKY_monomeric/outputs/6_HREX/rep0.63
Command line:
  gmx_mpi grompp -f ../../../../../mdp_templates/hrex.mdp -c ../npt_5.gro -p scaled_0.63.top -o topol.tpr -maxwarn 1

Ignoring obsolete mdp entry 'ns_type'
Setting the LD random seed to 1870532009
Generated 8778 of the 8778 non-bonded parameter combinations
Generating 1-4 interactions: fudge = 0.5
Generated 8778 of the 8778 1-4 parameter combinations
Excluding 3 bonded neighbours molecule type 'Protein_chain_A'
Excluding 2 bonded neighbours molecule type 'SOL'
Excluding 1 bonded neighbours molecule type 'NA'

NOTE 1 [file scaled_0.63.top, line 51995]:
  System has non-zero total charge: 0.825066
  Total charge should normally be an integer. See
  http://www.gromacs.org/Documentation/Floating_Point_Arithmetic
  for discussion on how close it should be to an integer.
  



WARNING 1 [file scaled_0.63.top, line 51995]:
  You are using Ewald electrostatics in a system with net charge. This can
  lead to severe artifacts, such as ions moving into regions with low
  dielectric, due to the uniform background charge. We suggest to
  neutralize your system with counter ions, possibly in combination with a
  physiological salt concentration.

turning H bonds into constraints...
turning H bonds into constraints...
turning H bonds into constraints...

++++ PLEASE READ AND CITE THE FOLLOWING REFERENCE ++++
J. S. Hub, B. L. de Groot, H. Grubmueller, G. Groenhof
Quantifying Artifacts in Ewald Simulations of Inhomogeneous Systems with a Net
Charge
J. Chem. Theory Comput. 10 (2014) pp. 381-393
-------- -------- --- Thank You --- -------- --------

Number of degrees of freedom in T-Coupling group Protein is 9782.78
Number of degrees of freedom in T-Coupling group non-Protein is 122040.22
Estimate for the relative computational load of the PME mesh part: 0.28

NOTE 2 [file ../../../../../mdp_templates/hrex.mdp]:
  This run will generate roughly 14490 Mb of data


There were 2 notes

There was 1 warning

Back Off! I just backed up topol.tpr to ./#topol.tpr.3#

GROMACS reminds you: "On average, it takes twenty years for the world's largest super computer to shrink down to the size of your laptop." (Pete Beckman)

Analysing residue names:
There are:   259    Protein residues
There are: 20337      Water residues
There are:     7        Ion residues
Analysing Protein...
Analysing residues not classified as Protein/DNA/RNA/Water and splitting into groups...
Determining Verlet buffer for a tolerance of 0.005 kJ/mol/ps at 298 K
Calculated rlist for 1x1 atom pair-list as 1.034 nm, buffer size 0.034 nm
Set rlist, assuming 4x4 atom pair-list, to 1.000 nm, buffer size 0.000 nm
Note that mdrun will redetermine rlist based on the actual pair-list setup
Calculating fourier grid dimensions for X Y Z
Using a fourier grid of 56x56x56, spacing 0.155 0.155 0.155
Generated topol.tpr from scaled_0.63.top in ./rep0.63.
Generated scaled_0.60.top in ./rep0.60 with scaling factor 0.60.
               :-) GROMACS - gmx grompp, 2020.6-PLUMED-spack (-:

                            GROMACS is written by:
     Emile Apol      Rossen Apostolov      Paul Bauer     Herman J.C. Berendsen
    Par Bjelkmar      Christian Blau   Viacheslav Bolnykh     Kevin Boyd    
 Aldert van Buuren   Rudi van Drunen     Anton Feenstra       Alan Gray     
  Gerrit Groenhof     Anca Hamuraru    Vincent Hindriksen  M. Eric Irrgang  
  Aleksei Iupinov   Christoph Junghans     Joe Jordan     Dimitrios Karkoulis
    Peter Kasson        Jiri Kraus      Carsten Kutzner      Per Larsson    
  Justin A. Lemkul    Viveca Lindahl    Magnus Lundborg     Erik Marklund   
    Pascal Merz     Pieter Meulenhoff    Teemu Murtola       Szilard Pall   
    Sander Pronk      Roland Schulz      Michael Shirts    Alexey Shvetsov  
   Alfons Sijbers     Peter Tieleman      Jon Vincent      Teemu Virolainen 
 Christian Wennberg    Maarten Wolf      Artem Zhmurov   
                           and the project leaders:
        Mark Abraham, Berk Hess, Erik Lindahl, and David van der Spoel

Copyright (c) 1991-2000, University of Groningen, The Netherlands.
Copyright (c) 2001-2019, The GROMACS development team at
Uppsala University, Stockholm University and
the Royal Institute of Technology, Sweden.
check out http://www.gromacs.org for more information.

GROMACS is free software; you can redistribute it and/or modify it
under the terms of the GNU Lesser General Public License
as published by the Free Software Foundation; either version 2.1
of the License, or (at your option) any later version.

GROMACS:      gmx grompp, version 2020.6-PLUMED-spack
Executable:   /home/blueschmitz/spack/opt/spack/linux-rhel8-cascadelake/gcc-11.3.0/gromacs-2020.6-lp4hfown6wui4otvwejsbjlumqjnmgiq/bin/gmx_mpi
Data prefix:  /home/blueschmitz/spack/opt/spack/linux-rhel8-cascadelake/gcc-11.3.0/gromacs-2020.6-lp4hfown6wui4otvwejsbjlumqjnmgiq
Working dir:  /scratch/blueschmitz/Watching-enzymes-wiggle/MD_simulations/projects/5EKY_monomeric/outputs/6_HREX/rep0.60
Command line:
  gmx_mpi grompp -f ../../../../../mdp_templates/hrex.mdp -c ../npt_5.gro -p scaled_0.60.top -o topol.tpr -maxwarn 1

Ignoring obsolete mdp entry 'ns_type'
Setting the LD random seed to 1878228941
Generated 8778 of the 8778 non-bonded parameter combinations
Generating 1-4 interactions: fudge = 0.5
Generated 8778 of the 8778 1-4 parameter combinations
Excluding 3 bonded neighbours molecule type 'Protein_chain_A'
Excluding 2 bonded neighbours molecule type 'SOL'
Excluding 1 bonded neighbours molecule type 'NA'

NOTE 1 [file scaled_0.60.top, line 51995]:
  System has non-zero total charge: 0.901648
  Total charge should normally be an integer. See
  http://www.gromacs.org/Documentation/Floating_Point_Arithmetic
  for discussion on how close it should be to an integer.
  



WARNING 1 [file scaled_0.60.top, line 51995]:
  You are using Ewald electrostatics in a system with net charge. This can
  lead to severe artifacts, such as ions moving into regions with low
  dielectric, due to the uniform background charge. We suggest to
  neutralize your system with counter ions, possibly in combination with a
  physiological salt concentration.

turning H bonds into constraints...
turning H bonds into constraints...
turning H bonds into constraints...

++++ PLEASE READ AND CITE THE FOLLOWING REFERENCE ++++
J. S. Hub, B. L. de Groot, H. Grubmueller, G. Groenhof
Quantifying Artifacts in Ewald Simulations of Inhomogeneous Systems with a Net
Charge
J. Chem. Theory Comput. 10 (2014) pp. 381-393
-------- -------- --- Thank You --- -------- --------

Number of degrees of freedom in T-Coupling group Protein is 9782.78
Number of degrees of freedom in T-Coupling group non-Protein is 122040.22
Estimate for the relative computational load of the PME mesh part: 0.28

NOTE 2 [file ../../../../../mdp_templates/hrex.mdp]:
  This run will generate roughly 14490 Mb of data


There were 2 notes

There was 1 warning

Back Off! I just backed up topol.tpr to ./#topol.tpr.3#

GROMACS reminds you: "C has the power of assembly language and the convenience of... assembly language." (Dennis Ritchie)

Analysing residue names:
There are:   259    Protein residues
There are: 20337      Water residues
There are:     7        Ion residues
Analysing Protein...
Analysing residues not classified as Protein/DNA/RNA/Water and splitting into groups...
Determining Verlet buffer for a tolerance of 0.005 kJ/mol/ps at 298 K
Calculated rlist for 1x1 atom pair-list as 1.034 nm, buffer size 0.034 nm
Set rlist, assuming 4x4 atom pair-list, to 1.000 nm, buffer size 0.000 nm
Note that mdrun will redetermine rlist based on the actual pair-list setup
Calculating fourier grid dimensions for X Y Z
Using a fourier grid of 56x56x56, spacing 0.155 0.155 0.155
Generated topol.tpr from scaled_0.60.top in ./rep0.60.
Generated all scaled topology files and tpr files for HREX replicas.
Sanity checks
               :-) GROMACS - gmx grompp, 2020.6-PLUMED-spack (-:

                            GROMACS is written by:
     Emile Apol      Rossen Apostolov      Paul Bauer     Herman J.C. Berendsen
    Par Bjelkmar      Christian Blau   Viacheslav Bolnykh     Kevin Boyd    
 Aldert van Buuren   Rudi van Drunen     Anton Feenstra       Alan Gray     
  Gerrit Groenhof     Anca Hamuraru    Vincent Hindriksen  M. Eric Irrgang  
  Aleksei Iupinov   Christoph Junghans     Joe Jordan     Dimitrios Karkoulis
    Peter Kasson        Jiri Kraus      Carsten Kutzner      Per Larsson    
  Justin A. Lemkul    Viveca Lindahl    Magnus Lundborg     Erik Marklund   
    Pascal Merz     Pieter Meulenhoff    Teemu Murtola       Szilard Pall   
    Sander Pronk      Roland Schulz      Michael Shirts    Alexey Shvetsov  
   Alfons Sijbers     Peter Tieleman      Jon Vincent      Teemu Virolainen 
 Christian Wennberg    Maarten Wolf      Artem Zhmurov   
                           and the project leaders:
        Mark Abraham, Berk Hess, Erik Lindahl, and David van der Spoel

Copyright (c) 1991-2000, University of Groningen, The Netherlands.
Copyright (c) 2001-2019, The GROMACS development team at
Uppsala University, Stockholm University and
the Royal Institute of Technology, Sweden.
check out http://www.gromacs.org for more information.

GROMACS is free software; you can redistribute it and/or modify it
under the terms of the GNU Lesser General Public License
as published by the Free Software Foundation; either version 2.1
of the License, or (at your option) any later version.

GROMACS:      gmx grompp, version 2020.6-PLUMED-spack
Executable:   /home/blueschmitz/spack/opt/spack/linux-rhel8-cascadelake/gcc-11.3.0/gromacs-2020.6-lp4hfown6wui4otvwejsbjlumqjnmgiq/bin/gmx_mpi
Data prefix:  /home/blueschmitz/spack/opt/spack/linux-rhel8-cascadelake/gcc-11.3.0/gromacs-2020.6-lp4hfown6wui4otvwejsbjlumqjnmgiq
Working dir:  /scratch/blueschmitz/Watching-enzymes-wiggle/MD_simulations/projects/5EKY_monomeric/outputs/5_sanity_checks
Command line:
  gmx_mpi grompp -f ../../../../mdp_templates/sanity_check.mdp -c npt_5.gro -p processed.top -o make_traj.tpr -maxwarn 1


NOTE 1 [file ../../../../mdp_templates/sanity_check.mdp]:
  Setting nstcalcenergy (100) equal to nstenergy (1)


WARNING 1 [file ../../../../mdp_templates/sanity_check.mdp]:
  You are generating velocities so I am assuming you are equilibrating a
  system. You are using Parrinello-Rahman pressure coupling, but this can
  be unstable for equilibration. If your system crashes, try equilibrating
  first with Berendsen pressure coupling. If you are not equilibrating the
  system, you can probably ignore this warning.

Setting the LD random seed to -739270806
Generated 2211 of the 2211 non-bonded parameter combinations
Generating 1-4 interactions: fudge = 0.5
Generated 2211 of the 2211 1-4 parameter combinations
Excluding 3 bonded neighbours molecule type 'Protein_chain_A'
Excluding 2 bonded neighbours molecule type 'SOL'
Excluding 1 bonded neighbours molecule type 'NA'
Velocities were taken from a Maxwell distribution at 298 K
Number of degrees of freedom in T-Coupling group System is 131823.00
Estimate for the relative computational load of the PME mesh part: 0.33

There was 1 note

There was 1 warning

Back Off! I just backed up make_traj.tpr to ./#make_traj.tpr.2#

GROMACS reminds you: "Creativity in science, as in art, cannot be organized. It arises spontaneously from individual talent. Well-run laboratories can foster it, but hierarchical organizations, inflexible bureaucratic rules, and mountains of futile paperwork can kill it." (Max Perutz)

turning H bonds into constraints...
turning H bonds into constraints...
turning H bonds into constraints...
Analysing residue names:
There are:   259    Protein residues
There are: 20337      Water residues
There are:     7        Ion residues
Analysing Protein...
Analysing residues not classified as Protein/DNA/RNA/Water and splitting into groups...
Determining Verlet buffer for a tolerance of 0.005 kJ/mol/ps at 298 K
Calculated rlist for 1x1 atom pair-list as 1.034 nm, buffer size 0.034 nm
Set rlist, assuming 4x4 atom pair-list, to 1.000 nm, buffer size 0.000 nm
Note that mdrun will redetermine rlist based on the actual pair-list setup
Calculating fourier grid dimensions for X Y Z
Using a fourier grid of 80x80x80, spacing 0.108 0.108 0.108
This run will generate roughly 316 Mb of data
                :-) GROMACS - gmx mdrun, 2020.6-PLUMED-spack (-:

                            GROMACS is written by:
     Emile Apol      Rossen Apostolov      Paul Bauer     Herman J.C. Berendsen
    Par Bjelkmar      Christian Blau   Viacheslav Bolnykh     Kevin Boyd    
 Aldert van Buuren   Rudi van Drunen     Anton Feenstra       Alan Gray     
  Gerrit Groenhof     Anca Hamuraru    Vincent Hindriksen  M. Eric Irrgang  
  Aleksei Iupinov   Christoph Junghans     Joe Jordan     Dimitrios Karkoulis
    Peter Kasson        Jiri Kraus      Carsten Kutzner      Per Larsson    
  Justin A. Lemkul    Viveca Lindahl    Magnus Lundborg     Erik Marklund   
    Pascal Merz     Pieter Meulenhoff    Teemu Murtola       Szilard Pall   
    Sander Pronk      Roland Schulz      Michael Shirts    Alexey Shvetsov  
   Alfons Sijbers     Peter Tieleman      Jon Vincent      Teemu Virolainen 
 Christian Wennberg    Maarten Wolf      Artem Zhmurov   
                           and the project leaders:
        Mark Abraham, Berk Hess, Erik Lindahl, and David van der Spoel

Copyright (c) 1991-2000, University of Groningen, The Netherlands.
Copyright (c) 2001-2019, The GROMACS development team at
Uppsala University, Stockholm University and
the Royal Institute of Technology, Sweden.
check out http://www.gromacs.org for more information.

GROMACS is free software; you can redistribute it and/or modify it
under the terms of the GNU Lesser General Public License
as published by the Free Software Foundation; either version 2.1
of the License, or (at your option) any later version.

GROMACS:      gmx mdrun, version 2020.6-PLUMED-spack
Executable:   /home/blueschmitz/spack/opt/spack/linux-rhel8-cascadelake/gcc-11.3.0/gromacs-2020.6-lp4hfown6wui4otvwejsbjlumqjnmgiq/bin/gmx_mpi
Data prefix:  /home/blueschmitz/spack/opt/spack/linux-rhel8-cascadelake/gcc-11.3.0/gromacs-2020.6-lp4hfown6wui4otvwejsbjlumqjnmgiq
Working dir:  /scratch/blueschmitz/Watching-enzymes-wiggle/MD_simulations/projects/5EKY_monomeric/outputs/5_sanity_checks
Command line:
  gmx_mpi mdrun -deffnm make_traj


Back Off! I just backed up make_traj.log to ./#make_traj.log.2#
Reading file make_traj.tpr, VERSION 2020.6-PLUMED-spack (single precision)
Changing nstlist from 10 to 50, rlist from 1 to 1.107

Using 1 MPI process

Non-default thread affinity set, disabling internal thread affinity

Using 8 OpenMP threads 


Back Off! I just backed up make_traj.xtc to ./#make_traj.xtc.2#

Back Off! I just backed up make_traj.edr to ./#make_traj.edr.2#
starting mdrun 'Protein in water'
1000 steps,      2.0 ps.

Writing final coordinates.

Back Off! I just backed up make_traj.gro to ./#make_traj.gro.2#

               Core t (s)   Wall t (s)        (%)
       Time:       57.419        7.243      792.8
                 (ns/day)    (hour/ns)
Performance:       23.883        1.005

GROMACS reminds you: "A curious aspect of the theory of evolution is that everybody thinks he understands it." (Jacques Monod)

               :-) GROMACS - gmx grompp, 2020.6-PLUMED-spack (-:

                            GROMACS is written by:
     Emile Apol      Rossen Apostolov      Paul Bauer     Herman J.C. Berendsen
    Par Bjelkmar      Christian Blau   Viacheslav Bolnykh     Kevin Boyd    
 Aldert van Buuren   Rudi van Drunen     Anton Feenstra       Alan Gray     
  Gerrit Groenhof     Anca Hamuraru    Vincent Hindriksen  M. Eric Irrgang  
  Aleksei Iupinov   Christoph Junghans     Joe Jordan     Dimitrios Karkoulis
    Peter Kasson        Jiri Kraus      Carsten Kutzner      Per Larsson    
  Justin A. Lemkul    Viveca Lindahl    Magnus Lundborg     Erik Marklund   
    Pascal Merz     Pieter Meulenhoff    Teemu Murtola       Szilard Pall   
    Sander Pronk      Roland Schulz      Michael Shirts    Alexey Shvetsov  
   Alfons Sijbers     Peter Tieleman      Jon Vincent      Teemu Virolainen 
 Christian Wennberg    Maarten Wolf      Artem Zhmurov   
                           and the project leaders:
        Mark Abraham, Berk Hess, Erik Lindahl, and David van der Spoel

Copyright (c) 1991-2000, University of Groningen, The Netherlands.
Copyright (c) 2001-2019, The GROMACS development team at
Uppsala University, Stockholm University and
the Royal Institute of Technology, Sweden.
check out http://www.gromacs.org for more information.

GROMACS is free software; you can redistribute it and/or modify it
under the terms of the GNU Lesser General Public License
as published by the Free Software Foundation; either version 2.1
of the License, or (at your option) any later version.

GROMACS:      gmx grompp, version 2020.6-PLUMED-spack
Executable:   /home/blueschmitz/spack/opt/spack/linux-rhel8-cascadelake/gcc-11.3.0/gromacs-2020.6-lp4hfown6wui4otvwejsbjlumqjnmgiq/bin/gmx_mpi
Data prefix:  /home/blueschmitz/spack/opt/spack/linux-rhel8-cascadelake/gcc-11.3.0/gromacs-2020.6-lp4hfown6wui4otvwejsbjlumqjnmgiq
Working dir:  /scratch/blueschmitz/Watching-enzymes-wiggle/MD_simulations/projects/5EKY_monomeric/outputs/5_sanity_checks
Command line:
  gmx_mpi grompp -f ../../../../mdp_templates/sanity_check.mdp -c npt_5.gro -p processed.top -o topol_pro.tpr -maxwarn 1


NOTE 1 [file ../../../../mdp_templates/sanity_check.mdp]:
  Setting nstcalcenergy (100) equal to nstenergy (1)


WARNING 1 [file ../../../../mdp_templates/sanity_check.mdp]:
  You are generating velocities so I am assuming you are equilibrating a
  system. You are using Parrinello-Rahman pressure coupling, but this can
  be unstable for equilibration. If your system crashes, try equilibrating
  first with Berendsen pressure coupling. If you are not equilibrating the
  system, you can probably ignore this warning.

Setting the LD random seed to -1082517507
Generated 2211 of the 2211 non-bonded parameter combinations
Generating 1-4 interactions: fudge = 0.5
Generated 2211 of the 2211 1-4 parameter combinations
Excluding 3 bonded neighbours molecule type 'Protein_chain_A'
Excluding 2 bonded neighbours molecule type 'SOL'
Excluding 1 bonded neighbours molecule type 'NA'
Velocities were taken from a Maxwell distribution at 298 K
Number of degrees of freedom in T-Coupling group System is 131823.00
Estimate for the relative computational load of the PME mesh part: 0.33

There was 1 note

There was 1 warning

Back Off! I just backed up topol_pro.tpr to ./#topol_pro.tpr.2#

GROMACS reminds you: "Nothing shocks me. I'm a scientist." (Harrison Ford as Indiana Jones)

turning H bonds into constraints...
turning H bonds into constraints...
turning H bonds into constraints...
Analysing residue names:
There are:   259    Protein residues
There are: 20337      Water residues
There are:     7        Ion residues
Analysing Protein...
Analysing residues not classified as Protein/DNA/RNA/Water and splitting into groups...
Determining Verlet buffer for a tolerance of 0.005 kJ/mol/ps at 298 K
Calculated rlist for 1x1 atom pair-list as 1.034 nm, buffer size 0.034 nm
Set rlist, assuming 4x4 atom pair-list, to 1.000 nm, buffer size 0.000 nm
Note that mdrun will redetermine rlist based on the actual pair-list setup
Calculating fourier grid dimensions for X Y Z
Using a fourier grid of 80x80x80, spacing 0.108 0.108 0.108
This run will generate roughly 316 Mb of data
                :-) GROMACS - gmx mdrun, 2020.6-PLUMED-spack (-:

                            GROMACS is written by:
     Emile Apol      Rossen Apostolov      Paul Bauer     Herman J.C. Berendsen
    Par Bjelkmar      Christian Blau   Viacheslav Bolnykh     Kevin Boyd    
 Aldert van Buuren   Rudi van Drunen     Anton Feenstra       Alan Gray     
  Gerrit Groenhof     Anca Hamuraru    Vincent Hindriksen  M. Eric Irrgang  
  Aleksei Iupinov   Christoph Junghans     Joe Jordan     Dimitrios Karkoulis
    Peter Kasson        Jiri Kraus      Carsten Kutzner      Per Larsson    
  Justin A. Lemkul    Viveca Lindahl    Magnus Lundborg     Erik Marklund   
    Pascal Merz     Pieter Meulenhoff    Teemu Murtola       Szilard Pall   
    Sander Pronk      Roland Schulz      Michael Shirts    Alexey Shvetsov  
   Alfons Sijbers     Peter Tieleman      Jon Vincent      Teemu Virolainen 
 Christian Wennberg    Maarten Wolf      Artem Zhmurov   
                           and the project leaders:
        Mark Abraham, Berk Hess, Erik Lindahl, and David van der Spoel

Copyright (c) 1991-2000, University of Groningen, The Netherlands.
Copyright (c) 2001-2019, The GROMACS development team at
Uppsala University, Stockholm University and
the Royal Institute of Technology, Sweden.
check out http://www.gromacs.org for more information.

GROMACS is free software; you can redistribute it and/or modify it
under the terms of the GNU Lesser General Public License
as published by the Free Software Foundation; either version 2.1
of the License, or (at your option) any later version.

GROMACS:      gmx mdrun, version 2020.6-PLUMED-spack
Executable:   /home/blueschmitz/spack/opt/spack/linux-rhel8-cascadelake/gcc-11.3.0/gromacs-2020.6-lp4hfown6wui4otvwejsbjlumqjnmgiq/bin/gmx_mpi
Data prefix:  /home/blueschmitz/spack/opt/spack/linux-rhel8-cascadelake/gcc-11.3.0/gromacs-2020.6-lp4hfown6wui4otvwejsbjlumqjnmgiq
Working dir:  /scratch/blueschmitz/Watching-enzymes-wiggle/MD_simulations/projects/5EKY_monomeric/outputs/5_sanity_checks
Command line:
  gmx_mpi mdrun -rerun traj.xtc -s topol_pro.tpr -e ener_pro.edr -g rerun_pro.log


Back Off! I just backed up rerun_pro.log to ./#rerun_pro.log.2#
Reading file topol_pro.tpr, VERSION 2020.6-PLUMED-spack (single precision)
Changing nstlist from 10 to 50, rlist from 1 to 1.107

Using 1 MPI process

Non-default thread affinity set, disabling internal thread affinity

Using 8 OpenMP threads 


Back Off! I just backed up ener_pro.edr to ./#ener_pro.edr.2#
starting md rerun 'Protein in water', reading coordinates from input trajectory 'traj.xtc'

Reading frame       0 time    0.000   Reading frame       1 time    0.002   Reading frame       2 time    0.004   Reading frame       3 time    0.006   Reading frame       4 time    0.008   Reading frame       5 time    0.010   Reading frame       6 time    0.012   Reading frame       7 time    0.014   Reading frame       8 time    0.016   Reading frame       9 time    0.018   Reading frame      10 time    0.020   Reading frame      11 time    0.022   Reading frame      12 time    0.024   Reading frame      13 time    0.026   Reading frame      14 time    0.028   Reading frame      15 time    0.030   Reading frame      16 time    0.032   Reading frame      17 time    0.034   Reading frame      18 time    0.036   Reading frame      19 time    0.038   Reading frame      20 time    0.040   Reading frame      30 time    0.060   Reading frame      40 time    0.080   Reading frame      50 time    0.100   Reading frame      60 time    0.120   Reading frame      70 time    0.140   Reading frame      80 time    0.160   Reading frame      90 time    0.180   Reading frame     100 time    0.200   Reading frame     110 time    0.220   Reading frame     120 time    0.240   Reading frame     130 time    0.260   Reading frame     140 time    0.280   Reading frame     150 time    0.300   Reading frame     160 time    0.320   Reading frame     170 time    0.340   Reading frame     180 time    0.360   Reading frame     190 time    0.380   Reading frame     200 time    0.400   Reading frame     300 time    0.600   Reading frame     400 time    0.800   Reading frame     500 time    1.000   Reading frame     600 time    1.200   Reading frame     700 time    1.400   Reading frame     800 time    1.600   Reading frame     900 time    1.800   Reading frame    1000 time    2.000   Last frame       1000 time    2.000   

NOTE: 50 % of the run time was spent in pair search,
      you might want to increase nstlist (this has no effect on accuracy)

               Core t (s)   Wall t (s)        (%)
       Time:      131.950       16.514      799.0
                 (ns/day)    (hour/ns)
Performance:       10.474        2.291

GROMACS reminds you: "This May Come As a Shock" (F. Black)

               :-) GROMACS - gmx grompp, 2020.6-PLUMED-spack (-:

                            GROMACS is written by:
     Emile Apol      Rossen Apostolov      Paul Bauer     Herman J.C. Berendsen
    Par Bjelkmar      Christian Blau   Viacheslav Bolnykh     Kevin Boyd    
 Aldert van Buuren   Rudi van Drunen     Anton Feenstra       Alan Gray     
  Gerrit Groenhof     Anca Hamuraru    Vincent Hindriksen  M. Eric Irrgang  
  Aleksei Iupinov   Christoph Junghans     Joe Jordan     Dimitrios Karkoulis
    Peter Kasson        Jiri Kraus      Carsten Kutzner      Per Larsson    
  Justin A. Lemkul    Viveca Lindahl    Magnus Lundborg     Erik Marklund   
    Pascal Merz     Pieter Meulenhoff    Teemu Murtola       Szilard Pall   
    Sander Pronk      Roland Schulz      Michael Shirts    Alexey Shvetsov  
   Alfons Sijbers     Peter Tieleman      Jon Vincent      Teemu Virolainen 
 Christian Wennberg    Maarten Wolf      Artem Zhmurov   
                           and the project leaders:
        Mark Abraham, Berk Hess, Erik Lindahl, and David van der Spoel

Copyright (c) 1991-2000, University of Groningen, The Netherlands.
Copyright (c) 2001-2019, The GROMACS development team at
Uppsala University, Stockholm University and
the Royal Institute of Technology, Sweden.
check out http://www.gromacs.org for more information.

GROMACS is free software; you can redistribute it and/or modify it
under the terms of the GNU Lesser General Public License
as published by the Free Software Foundation; either version 2.1
of the License, or (at your option) any later version.

GROMACS:      gmx grompp, version 2020.6-PLUMED-spack
Executable:   /home/blueschmitz/spack/opt/spack/linux-rhel8-cascadelake/gcc-11.3.0/gromacs-2020.6-lp4hfown6wui4otvwejsbjlumqjnmgiq/bin/gmx_mpi
Data prefix:  /home/blueschmitz/spack/opt/spack/linux-rhel8-cascadelake/gcc-11.3.0/gromacs-2020.6-lp4hfown6wui4otvwejsbjlumqjnmgiq
Working dir:  /scratch/blueschmitz/Watching-enzymes-wiggle/MD_simulations/projects/5EKY_monomeric/outputs/5_sanity_checks
Command line:
  gmx_mpi grompp -f ../../../../mdp_templates/sanity_check.mdp -c npt_5.gro -p scaled_1.00.top -o scaled_1.00.tpr -maxwarn 1


NOTE 1 [file ../../../../mdp_templates/sanity_check.mdp]:
  Setting nstcalcenergy (100) equal to nstenergy (1)


WARNING 1 [file ../../../../mdp_templates/sanity_check.mdp]:
  You are generating velocities so I am assuming you are equilibrating a
  system. You are using Parrinello-Rahman pressure coupling, but this can
  be unstable for equilibration. If your system crashes, try equilibrating
  first with Berendsen pressure coupling. If you are not equilibrating the
  system, you can probably ignore this warning.

Setting the LD random seed to -344236292
Generated 8778 of the 8778 non-bonded parameter combinations
Generating 1-4 interactions: fudge = 0.5
Generated 8778 of the 8778 1-4 parameter combinations
Excluding 3 bonded neighbours molecule type 'Protein_chain_A'
Excluding 2 bonded neighbours molecule type 'SOL'
Excluding 1 bonded neighbours molecule type 'NA'
Velocities were taken from a Maxwell distribution at 298 K
Number of degrees of freedom in T-Coupling group System is 131823.00
Estimate for the relative computational load of the PME mesh part: 0.33

There was 1 note

There was 1 warning

Back Off! I just backed up scaled_1.00.tpr to ./#scaled_1.00.tpr.2#

GROMACS reminds you: "X-rays will prove to be a hoax." (Lord Kelvin, while president of the Royal Society)

turning H bonds into constraints...
turning H bonds into constraints...
turning H bonds into constraints...
Analysing residue names:
There are:   259    Protein residues
There are: 20337      Water residues
There are:     7        Ion residues
Analysing Protein...
Analysing residues not classified as Protein/DNA/RNA/Water and splitting into groups...
Determining Verlet buffer for a tolerance of 0.005 kJ/mol/ps at 298 K
Calculated rlist for 1x1 atom pair-list as 1.034 nm, buffer size 0.034 nm
Set rlist, assuming 4x4 atom pair-list, to 1.000 nm, buffer size 0.000 nm
Note that mdrun will redetermine rlist based on the actual pair-list setup
Calculating fourier grid dimensions for X Y Z
Using a fourier grid of 80x80x80, spacing 0.108 0.108 0.108
This run will generate roughly 316 Mb of data
                :-) GROMACS - gmx mdrun, 2020.6-PLUMED-spack (-:

                            GROMACS is written by:
     Emile Apol      Rossen Apostolov      Paul Bauer     Herman J.C. Berendsen
    Par Bjelkmar      Christian Blau   Viacheslav Bolnykh     Kevin Boyd    
 Aldert van Buuren   Rudi van Drunen     Anton Feenstra       Alan Gray     
  Gerrit Groenhof     Anca Hamuraru    Vincent Hindriksen  M. Eric Irrgang  
  Aleksei Iupinov   Christoph Junghans     Joe Jordan     Dimitrios Karkoulis
    Peter Kasson        Jiri Kraus      Carsten Kutzner      Per Larsson    
  Justin A. Lemkul    Viveca Lindahl    Magnus Lundborg     Erik Marklund   
    Pascal Merz     Pieter Meulenhoff    Teemu Murtola       Szilard Pall   
    Sander Pronk      Roland Schulz      Michael Shirts    Alexey Shvetsov  
   Alfons Sijbers     Peter Tieleman      Jon Vincent      Teemu Virolainen 
 Christian Wennberg    Maarten Wolf      Artem Zhmurov   
                           and the project leaders:
        Mark Abraham, Berk Hess, Erik Lindahl, and David van der Spoel

Copyright (c) 1991-2000, University of Groningen, The Netherlands.
Copyright (c) 2001-2019, The GROMACS development team at
Uppsala University, Stockholm University and
the Royal Institute of Technology, Sweden.
check out http://www.gromacs.org for more information.

GROMACS is free software; you can redistribute it and/or modify it
under the terms of the GNU Lesser General Public License
as published by the Free Software Foundation; either version 2.1
of the License, or (at your option) any later version.

GROMACS:      gmx mdrun, version 2020.6-PLUMED-spack
Executable:   /home/blueschmitz/spack/opt/spack/linux-rhel8-cascadelake/gcc-11.3.0/gromacs-2020.6-lp4hfown6wui4otvwejsbjlumqjnmgiq/bin/gmx_mpi
Data prefix:  /home/blueschmitz/spack/opt/spack/linux-rhel8-cascadelake/gcc-11.3.0/gromacs-2020.6-lp4hfown6wui4otvwejsbjlumqjnmgiq
Working dir:  /scratch/blueschmitz/Watching-enzymes-wiggle/MD_simulations/projects/5EKY_monomeric/outputs/5_sanity_checks
Command line:
  gmx_mpi mdrun -rerun traj.xtc -s scaled_1.00.tpr -e ener_scaled_1.00.edr -g rerun_scaled_1.00.log


Back Off! I just backed up rerun_scaled_1.00.log to ./#rerun_scaled_1.00.log.2#
Reading file scaled_1.00.tpr, VERSION 2020.6-PLUMED-spack (single precision)
Changing nstlist from 10 to 50, rlist from 1 to 1.107

Using 1 MPI process

Non-default thread affinity set, disabling internal thread affinity

Using 8 OpenMP threads 


Back Off! I just backed up ener_scaled_1.00.edr to ./#ener_scaled_1.00.edr.2#
starting md rerun 'Protein  in  water', reading coordinates from input trajectory 'traj.xtc'

Reading frame       0 time    0.000   Reading frame       1 time    0.002   Reading frame       2 time    0.004   Reading frame       3 time    0.006   Reading frame       4 time    0.008   Reading frame       5 time    0.010   Reading frame       6 time    0.012   Reading frame       7 time    0.014   Reading frame       8 time    0.016   Reading frame       9 time    0.018   Reading frame      10 time    0.020   Reading frame      11 time    0.022   Reading frame      12 time    0.024   Reading frame      13 time    0.026   Reading frame      14 time    0.028   Reading frame      15 time    0.030   Reading frame      16 time    0.032   Reading frame      17 time    0.034   Reading frame      18 time    0.036   Reading frame      19 time    0.038   Reading frame      20 time    0.040   Reading frame      30 time    0.060   Reading frame      40 time    0.080   Reading frame      50 time    0.100   Reading frame      60 time    0.120   Reading frame      70 time    0.140   Reading frame      80 time    0.160   Reading frame      90 time    0.180   Reading frame     100 time    0.200   Reading frame     110 time    0.220   Reading frame     120 time    0.240   Reading frame     130 time    0.260   Reading frame     140 time    0.280   Reading frame     150 time    0.300   Reading frame     160 time    0.320   Reading frame     170 time    0.340   Reading frame     180 time    0.360   Reading frame     190 time    0.380   Reading frame     200 time    0.400   Reading frame     300 time    0.600   Reading frame     400 time    0.800   Reading frame     500 time    1.000   Reading frame     600 time    1.200   Reading frame     700 time    1.400   Reading frame     800 time    1.600   Reading frame     900 time    1.800   Reading frame    1000 time    2.000   Last frame       1000 time    2.000   

NOTE: 55 % of the run time was spent in pair search,
      you might want to increase nstlist (this has no effect on accuracy)

               Core t (s)   Wall t (s)        (%)
       Time:      122.658       15.333      800.0
                 (ns/day)    (hour/ns)
Performance:       11.281        2.127

GROMACS reminds you: "Make the Floor Burn" (2 Unlimited)

               :-) GROMACS - gmx energy, 2020.6-PLUMED-spack (-:

                            GROMACS is written by:
     Emile Apol      Rossen Apostolov      Paul Bauer     Herman J.C. Berendsen
    Par Bjelkmar      Christian Blau   Viacheslav Bolnykh     Kevin Boyd    
 Aldert van Buuren   Rudi van Drunen     Anton Feenstra       Alan Gray     
  Gerrit Groenhof     Anca Hamuraru    Vincent Hindriksen  M. Eric Irrgang  
  Aleksei Iupinov   Christoph Junghans     Joe Jordan     Dimitrios Karkoulis
    Peter Kasson        Jiri Kraus      Carsten Kutzner      Per Larsson    
  Justin A. Lemkul    Viveca Lindahl    Magnus Lundborg     Erik Marklund   
    Pascal Merz     Pieter Meulenhoff    Teemu Murtola       Szilard Pall   
    Sander Pronk      Roland Schulz      Michael Shirts    Alexey Shvetsov  
   Alfons Sijbers     Peter Tieleman      Jon Vincent      Teemu Virolainen 
 Christian Wennberg    Maarten Wolf      Artem Zhmurov   
                           and the project leaders:
        Mark Abraham, Berk Hess, Erik Lindahl, and David van der Spoel

Copyright (c) 1991-2000, University of Groningen, The Netherlands.
Copyright (c) 2001-2019, The GROMACS development team at
Uppsala University, Stockholm University and
the Royal Institute of Technology, Sweden.
check out http://www.gromacs.org for more information.

GROMACS is free software; you can redistribute it and/or modify it
under the terms of the GNU Lesser General Public License
as published by the Free Software Foundation; either version 2.1
of the License, or (at your option) any later version.

GROMACS:      gmx energy, version 2020.6-PLUMED-spack
Executable:   /home/blueschmitz/spack/opt/spack/linux-rhel8-cascadelake/gcc-11.3.0/gromacs-2020.6-lp4hfown6wui4otvwejsbjlumqjnmgiq/bin/gmx_mpi
Data prefix:  /home/blueschmitz/spack/opt/spack/linux-rhel8-cascadelake/gcc-11.3.0/gromacs-2020.6-lp4hfown6wui4otvwejsbjlumqjnmgiq
Working dir:  /scratch/blueschmitz/Watching-enzymes-wiggle/MD_simulations/projects/5EKY_monomeric/outputs/5_sanity_checks
Command line:
  gmx_mpi energy -f ener_pro.edr -o energies_pro.xvg -xvg none

Opened ener_pro.edr as single precision energy file

Select the terms you want from the following list by
selecting either (part of) the name or the number or a combination.
End your selection with an empty line or a zero.
-------------------------------------------------------------------
  1  Bond             2  Angle            3  Proper-Dih.      4  Improper-Dih. 
  5  LJ-14            6  Coulomb-14       7  LJ-(SR)          8  Coulomb-(SR)  
  9  Coul.-recip.    10  Potential       11  Box-X           12  Box-Y         
 13  Box-Z           14  Volume          15  Density       


Back Off! I just backed up energies_pro.xvg to ./#energies_pro.xvg.2#
Reading energy frame      0 time    0.000         Reading energy frame      1 time    0.002         Reading energy frame      2 time    0.004         Reading energy frame      3 time    0.006         Reading energy frame      4 time    0.008         Reading energy frame      5 time    0.010         Reading energy frame      6 time    0.012         Reading energy frame      7 time    0.014         Reading energy frame      8 time    0.016         Reading energy frame      9 time    0.018         Reading energy frame     10 time    0.020         Reading energy frame     11 time    0.022         Reading energy frame     12 time    0.024         Reading energy frame     13 time    0.026         Reading energy frame     14 time    0.028         Reading energy frame     15 time    0.030         Reading energy frame     16 time    0.032         Reading energy frame     17 time    0.034         Reading energy frame     18 time    0.036         Reading energy frame     19 time    0.038         Reading energy frame     20 time    0.040         Reading energy frame     30 time    0.060         Reading energy frame     40 time    0.080         Reading energy frame     50 time    0.100         Reading energy frame     60 time    0.120         Reading energy frame     70 time    0.140         Reading energy frame     80 time    0.160         Reading energy frame     90 time    0.180         Reading energy frame    100 time    0.200         Reading energy frame    110 time    0.220         Reading energy frame    120 time    0.240         Reading energy frame    130 time    0.260         Reading energy frame    140 time    0.280         Reading energy frame    150 time    0.300         Reading energy frame    160 time    0.320         Reading energy frame    170 time    0.340         Reading energy frame    180 time    0.360         Reading energy frame    190 time    0.380         Reading energy frame    200 time    0.400         Reading energy frame    300 time    0.600         Reading energy frame    400 time    0.800         Reading energy frame    500 time    1.000         Reading energy frame    600 time    1.200         Reading energy frame    700 time    1.400         Reading energy frame    800 time    1.600         Reading energy frame    900 time    1.800         Reading energy frame   1000 time    2.000         Last energy frame read 1000 time    2.000         

GROMACS reminds you: "Make the Floor Burn" (2 Unlimited)


Statistics over 1001 steps [ 0.0000 through 2.0000 ps ], 10 data sets
All statistics are over 1001 points (frames)

Energy                      Average   Err.Est.       RMSD  Tot-Drift
-------------------------------------------------------------------------------
Bond                         3118.5         15    96.1598   -106.419  (kJ/mol)
Angle                       8383.63         14    142.292   -75.1936  (kJ/mol)
Proper Dih.                 10037.5         17    70.5034    96.5616  (kJ/mol)
Improper Dih.               636.806        5.6    30.7555    36.7567  (kJ/mol)
LJ-14                       3796.21        9.9    57.8318    53.0688  (kJ/mol)
Coulomb-14                  49528.4         20    147.658    18.3016  (kJ/mol)
LJ (SR)                      119947        340    1176.17    971.536  (kJ/mol)
Coulomb (SR)             -1.04127e+06        750    2036.37   -2650.33  (kJ/mol)
Coul. recip.                5809.54        5.9    66.8341   -21.6413  (kJ/mol)
Potential                   -840010        440    1190.16   -1677.35  (kJ/mol)
               :-) GROMACS - gmx energy, 2020.6-PLUMED-spack (-:

                            GROMACS is written by:
     Emile Apol      Rossen Apostolov      Paul Bauer     Herman J.C. Berendsen
    Par Bjelkmar      Christian Blau   Viacheslav Bolnykh     Kevin Boyd    
 Aldert van Buuren   Rudi van Drunen     Anton Feenstra       Alan Gray     
  Gerrit Groenhof     Anca Hamuraru    Vincent Hindriksen  M. Eric Irrgang  
  Aleksei Iupinov   Christoph Junghans     Joe Jordan     Dimitrios Karkoulis
    Peter Kasson        Jiri Kraus      Carsten Kutzner      Per Larsson    
  Justin A. Lemkul    Viveca Lindahl    Magnus Lundborg     Erik Marklund   
    Pascal Merz     Pieter Meulenhoff    Teemu Murtola       Szilard Pall   
    Sander Pronk      Roland Schulz      Michael Shirts    Alexey Shvetsov  
   Alfons Sijbers     Peter Tieleman      Jon Vincent      Teemu Virolainen 
 Christian Wennberg    Maarten Wolf      Artem Zhmurov   
                           and the project leaders:
        Mark Abraham, Berk Hess, Erik Lindahl, and David van der Spoel

Copyright (c) 1991-2000, University of Groningen, The Netherlands.
Copyright (c) 2001-2019, The GROMACS development team at
Uppsala University, Stockholm University and
the Royal Institute of Technology, Sweden.
check out http://www.gromacs.org for more information.

GROMACS is free software; you can redistribute it and/or modify it
under the terms of the GNU Lesser General Public License
as published by the Free Software Foundation; either version 2.1
of the License, or (at your option) any later version.

GROMACS:      gmx energy, version 2020.6-PLUMED-spack
Executable:   /home/blueschmitz/spack/opt/spack/linux-rhel8-cascadelake/gcc-11.3.0/gromacs-2020.6-lp4hfown6wui4otvwejsbjlumqjnmgiq/bin/gmx_mpi
Data prefix:  /home/blueschmitz/spack/opt/spack/linux-rhel8-cascadelake/gcc-11.3.0/gromacs-2020.6-lp4hfown6wui4otvwejsbjlumqjnmgiq
Working dir:  /scratch/blueschmitz/Watching-enzymes-wiggle/MD_simulations/projects/5EKY_monomeric/outputs/5_sanity_checks
Command line:
  gmx_mpi energy -f ener_scaled_1.00.edr -o energies_scaled_1.00.xvg -xvg none

Opened ener_scaled_1.00.edr as single precision energy file

Select the terms you want from the following list by
selecting either (part of) the name or the number or a combination.
End your selection with an empty line or a zero.
-------------------------------------------------------------------
  1  Bond             2  Angle            3  Proper-Dih.      4  Improper-Dih. 
  5  LJ-14            6  Coulomb-14       7  LJ-(SR)          8  Coulomb-(SR)  
  9  Coul.-recip.    10  Potential       11  Box-X           12  Box-Y         
 13  Box-Z           14  Volume          15  Density       


Back Off! I just backed up energies_scaled_1.00.xvg to ./#energies_scaled_1.00.xvg.2#
Reading energy frame      0 time    0.000         Reading energy frame      1 time    0.002         Reading energy frame      2 time    0.004         Reading energy frame      3 time    0.006         Reading energy frame      4 time    0.008         Reading energy frame      5 time    0.010         Reading energy frame      6 time    0.012         Reading energy frame      7 time    0.014         Reading energy frame      8 time    0.016         Reading energy frame      9 time    0.018         Reading energy frame     10 time    0.020         Reading energy frame     11 time    0.022         Reading energy frame     12 time    0.024         Reading energy frame     13 time    0.026         Reading energy frame     14 time    0.028         Reading energy frame     15 time    0.030         Reading energy frame     16 time    0.032         Reading energy frame     17 time    0.034         Reading energy frame     18 time    0.036         Reading energy frame     19 time    0.038         Reading energy frame     20 time    0.040         Reading energy frame     30 time    0.060         Reading energy frame     40 time    0.080         Reading energy frame     50 time    0.100         Reading energy frame     60 time    0.120         Reading energy frame     70 time    0.140         Reading energy frame     80 time    0.160         Reading energy frame     90 time    0.180         Reading energy frame    100 time    0.200         Reading energy frame    110 time    0.220         Reading energy frame    120 time    0.240         Reading energy frame    130 time    0.260         Reading energy frame    140 time    0.280         Reading energy frame    150 time    0.300         Reading energy frame    160 time    0.320         Reading energy frame    170 time    0.340         Reading energy frame    180 time    0.360         Reading energy frame    190 time    0.380         Reading energy frame    200 time    0.400         Reading energy frame    300 time    0.600         Reading energy frame    400 time    0.800         Reading energy frame    500 time    1.000         Reading energy frame    600 time    1.200         Reading energy frame    700 time    1.400         Reading energy frame    800 time    1.600         Reading energy frame    900 time    1.800         Reading energy frame   1000 time    2.000         Last energy frame read 1000 time    2.000         

GROMACS reminds you: "It's Bicycle Repair Man !" (Monty Python)


Statistics over 1001 steps [ 0.0000 through 2.0000 ps ], 10 data sets
All statistics are over 1001 points (frames)

Energy                      Average   Err.Est.       RMSD  Tot-Drift
-------------------------------------------------------------------------------
Bond                         3118.5         15    96.1598   -106.419  (kJ/mol)
Angle                       8383.63         14    142.292   -75.1936  (kJ/mol)
Proper Dih.                 10037.5         17    70.5034    96.5616  (kJ/mol)
Improper Dih.               636.806        5.6    30.7555    36.7567  (kJ/mol)
LJ-14                       3796.21        9.9    57.8318    53.0688  (kJ/mol)
Coulomb-14                  49528.4         20    147.658    18.3016  (kJ/mol)
LJ (SR)                      119947        340    1176.17    971.536  (kJ/mol)
Coulomb (SR)             -1.04127e+06        750    2036.37   -2650.33  (kJ/mol)
Coul. recip.                5809.54        5.9    66.8341   -21.6413  (kJ/mol)
Potential                   -840010        440    1190.16   -1677.35  (kJ/mol)
Generated processed_scaled_all.top with all residues selected for scaling.
Generated scaled_all_0.5.top with scaling factor 0.5 applied to all atoms.
               :-) GROMACS - gmx grompp, 2020.6-PLUMED-spack (-:

                            GROMACS is written by:
     Emile Apol      Rossen Apostolov      Paul Bauer     Herman J.C. Berendsen
    Par Bjelkmar      Christian Blau   Viacheslav Bolnykh     Kevin Boyd    
 Aldert van Buuren   Rudi van Drunen     Anton Feenstra       Alan Gray     
  Gerrit Groenhof     Anca Hamuraru    Vincent Hindriksen  M. Eric Irrgang  
  Aleksei Iupinov   Christoph Junghans     Joe Jordan     Dimitrios Karkoulis
    Peter Kasson        Jiri Kraus      Carsten Kutzner      Per Larsson    
  Justin A. Lemkul    Viveca Lindahl    Magnus Lundborg     Erik Marklund   
    Pascal Merz     Pieter Meulenhoff    Teemu Murtola       Szilard Pall   
    Sander Pronk      Roland Schulz      Michael Shirts    Alexey Shvetsov  
   Alfons Sijbers     Peter Tieleman      Jon Vincent      Teemu Virolainen 
 Christian Wennberg    Maarten Wolf      Artem Zhmurov   
                           and the project leaders:
        Mark Abraham, Berk Hess, Erik Lindahl, and David van der Spoel

Copyright (c) 1991-2000, University of Groningen, The Netherlands.
Copyright (c) 2001-2019, The GROMACS development team at
Uppsala University, Stockholm University and
the Royal Institute of Technology, Sweden.
check out http://www.gromacs.org for more information.

GROMACS is free software; you can redistribute it and/or modify it
under the terms of the GNU Lesser General Public License
as published by the Free Software Foundation; either version 2.1
of the License, or (at your option) any later version.

GROMACS:      gmx grompp, version 2020.6-PLUMED-spack
Executable:   /home/blueschmitz/spack/opt/spack/linux-rhel8-cascadelake/gcc-11.3.0/gromacs-2020.6-lp4hfown6wui4otvwejsbjlumqjnmgiq/bin/gmx_mpi
Data prefix:  /home/blueschmitz/spack/opt/spack/linux-rhel8-cascadelake/gcc-11.3.0/gromacs-2020.6-lp4hfown6wui4otvwejsbjlumqjnmgiq
Working dir:  /scratch/blueschmitz/Watching-enzymes-wiggle/MD_simulations/projects/5EKY_monomeric/outputs/5_sanity_checks
Command line:
  gmx_mpi grompp -f ../../../../mdp_templates/sanity_check.mdp -c npt_5.gro -p scaled_0.5_all.top -o scaled_0.5_all.tpr -maxwarn 2


NOTE 1 [file ../../../../mdp_templates/sanity_check.mdp]:
  Setting nstcalcenergy (100) equal to nstenergy (1)


WARNING 1 [file ../../../../mdp_templates/sanity_check.mdp]:
  You are generating velocities so I am assuming you are equilibrating a
  system. You are using Parrinello-Rahman pressure coupling, but this can
  be unstable for equilibration. If your system crashes, try equilibrating
  first with Berendsen pressure coupling. If you are not equilibrating the
  system, you can probably ignore this warning.

Setting the LD random seed to -285343765
Generated 8778 of the 8778 non-bonded parameter combinations
Generating 1-4 interactions: fudge = 0.5
Generated 8778 of the 8778 1-4 parameter combinations
Excluding 3 bonded neighbours molecule type 'Protein_chain_A'
Excluding 2 bonded neighbours molecule type 'SOL'
Excluding 1 bonded neighbours molecule type 'NA'

NOTE 2 [file scaled_0.5_all.top, line 51995]:
  System has non-zero total charge: 0.020574
  Total charge should normally be an integer. See
  http://www.gromacs.org/Documentation/Floating_Point_Arithmetic
  for discussion on how close it should be to an integer.
  



WARNING 2 [file scaled_0.5_all.top, line 51995]:
  You are using Ewald electrostatics in a system with net charge. This can
  lead to severe artifacts, such as ions moving into regions with low
  dielectric, due to the uniform background charge. We suggest to
  neutralize your system with counter ions, possibly in combination with a
  physiological salt concentration.

turning H bonds into constraints...
turning H bonds into constraints...
turning H bonds into constraints...

++++ PLEASE READ AND CITE THE FOLLOWING REFERENCE ++++
J. S. Hub, B. L. de Groot, H. Grubmueller, G. Groenhof
Quantifying Artifacts in Ewald Simulations of Inhomogeneous Systems with a Net
Charge
J. Chem. Theory Comput. 10 (2014) pp. 381-393
-------- -------- --- Thank You --- -------- --------

Velocities were taken from a Maxwell distribution at 298 K
Number of degrees of freedom in T-Coupling group System is 131823.00
Estimate for the relative computational load of the PME mesh part: 0.33

There were 2 notes

There were 2 warnings

GROMACS reminds you: "Why would the backup server database get corrupted anyway?" (Stefan Fleischmann -- system administrator, physicist, optimist.)

Analysing residue names:
There are:   259    Protein residues
There are: 20337      Water residues
There are:     7        Ion residues
Analysing Protein...
Analysing residues not classified as Protein/DNA/RNA/Water and splitting into groups...
Determining Verlet buffer for a tolerance of 0.005 kJ/mol/ps at 298 K
Calculated rlist for 1x1 atom pair-list as 1.024 nm, buffer size 0.024 nm
Set rlist, assuming 4x4 atom pair-list, to 1.000 nm, buffer size 0.000 nm
Note that mdrun will redetermine rlist based on the actual pair-list setup
Calculating fourier grid dimensions for X Y Z
Using a fourier grid of 80x80x80, spacing 0.108 0.108 0.108
This run will generate roughly 316 Mb of data
                :-) GROMACS - gmx mdrun, 2020.6-PLUMED-spack (-:

                            GROMACS is written by:
     Emile Apol      Rossen Apostolov      Paul Bauer     Herman J.C. Berendsen
    Par Bjelkmar      Christian Blau   Viacheslav Bolnykh     Kevin Boyd    
 Aldert van Buuren   Rudi van Drunen     Anton Feenstra       Alan Gray     
  Gerrit Groenhof     Anca Hamuraru    Vincent Hindriksen  M. Eric Irrgang  
  Aleksei Iupinov   Christoph Junghans     Joe Jordan     Dimitrios Karkoulis
    Peter Kasson        Jiri Kraus      Carsten Kutzner      Per Larsson    
  Justin A. Lemkul    Viveca Lindahl    Magnus Lundborg     Erik Marklund   
    Pascal Merz     Pieter Meulenhoff    Teemu Murtola       Szilard Pall   
    Sander Pronk      Roland Schulz      Michael Shirts    Alexey Shvetsov  
   Alfons Sijbers     Peter Tieleman      Jon Vincent      Teemu Virolainen 
 Christian Wennberg    Maarten Wolf      Artem Zhmurov   
                           and the project leaders:
        Mark Abraham, Berk Hess, Erik Lindahl, and David van der Spoel

Copyright (c) 1991-2000, University of Groningen, The Netherlands.
Copyright (c) 2001-2019, The GROMACS development team at
Uppsala University, Stockholm University and
the Royal Institute of Technology, Sweden.
check out http://www.gromacs.org for more information.

GROMACS is free software; you can redistribute it and/or modify it
under the terms of the GNU Lesser General Public License
as published by the Free Software Foundation; either version 2.1
of the License, or (at your option) any later version.

GROMACS:      gmx mdrun, version 2020.6-PLUMED-spack
Executable:   /home/blueschmitz/spack/opt/spack/linux-rhel8-cascadelake/gcc-11.3.0/gromacs-2020.6-lp4hfown6wui4otvwejsbjlumqjnmgiq/bin/gmx_mpi
Data prefix:  /home/blueschmitz/spack/opt/spack/linux-rhel8-cascadelake/gcc-11.3.0/gromacs-2020.6-lp4hfown6wui4otvwejsbjlumqjnmgiq
Working dir:  /scratch/blueschmitz/Watching-enzymes-wiggle/MD_simulations/projects/5EKY_monomeric/outputs/5_sanity_checks
Command line:
  gmx_mpi mdrun -rerun traj.xtc -s scaled_0.5_all.tpr -e ener_scaled_0.5_all.edr -g rerun_scaled_0.5_all.log

Reading file scaled_0.5_all.tpr, VERSION 2020.6-PLUMED-spack (single precision)
Changing nstlist from 10 to 100, rlist from 1 to 1.108

Using 1 MPI process

Non-default thread affinity set, disabling internal thread affinity

Using 8 OpenMP threads 

starting md rerun 'Protein  in  water', reading coordinates from input trajectory 'traj.xtc'

Reading frame       0 time    0.000   Reading frame       1 time    0.002   Reading frame       2 time    0.004   Reading frame       3 time    0.006   Reading frame       4 time    0.008   Reading frame       5 time    0.010   Reading frame       6 time    0.012   Reading frame       7 time    0.014   Reading frame       8 time    0.016   Reading frame       9 time    0.018   Reading frame      10 time    0.020   Reading frame      11 time    0.022   Reading frame      12 time    0.024   Reading frame      13 time    0.026   Reading frame      14 time    0.028   Reading frame      15 time    0.030   Reading frame      16 time    0.032   Reading frame      17 time    0.034   Reading frame      18 time    0.036   Reading frame      19 time    0.038   Reading frame      20 time    0.040   Reading frame      30 time    0.060   Reading frame      40 time    0.080   Reading frame      50 time    0.100   Reading frame      60 time    0.120   Reading frame      70 time    0.140   Reading frame      80 time    0.160   Reading frame      90 time    0.180   Reading frame     100 time    0.200   Reading frame     110 time    0.220   Reading frame     120 time    0.240   Reading frame     130 time    0.260   Reading frame     140 time    0.280   Reading frame     150 time    0.300   Reading frame     160 time    0.320   Reading frame     170 time    0.340   Reading frame     180 time    0.360   Reading frame     190 time    0.380   Reading frame     200 time    0.400   Reading frame     300 time    0.600   Reading frame     400 time    0.800   Reading frame     500 time    1.000   Reading frame     600 time    1.200   Reading frame     700 time    1.400   Reading frame     800 time    1.600   Reading frame     900 time    1.800   Reading frame    1000 time    2.000   Last frame       1000 time    2.000   

NOTE: 55 % of the run time was spent in pair search,
      you might want to increase nstlist (this has no effect on accuracy)

               Core t (s)   Wall t (s)        (%)
       Time:      121.487       15.201      799.2
                 (ns/day)    (hour/ns)
Performance:       11.379        2.109

GROMACS reminds you: "My Ass May Be Dumb, But I Ain't No Dumbass." (Jackie Brown)

               :-) GROMACS - gmx energy, 2020.6-PLUMED-spack (-:

                            GROMACS is written by:
     Emile Apol      Rossen Apostolov      Paul Bauer     Herman J.C. Berendsen
    Par Bjelkmar      Christian Blau   Viacheslav Bolnykh     Kevin Boyd    
 Aldert van Buuren   Rudi van Drunen     Anton Feenstra       Alan Gray     
  Gerrit Groenhof     Anca Hamuraru    Vincent Hindriksen  M. Eric Irrgang  
  Aleksei Iupinov   Christoph Junghans     Joe Jordan     Dimitrios Karkoulis
    Peter Kasson        Jiri Kraus      Carsten Kutzner      Per Larsson    
  Justin A. Lemkul    Viveca Lindahl    Magnus Lundborg     Erik Marklund   
    Pascal Merz     Pieter Meulenhoff    Teemu Murtola       Szilard Pall   
    Sander Pronk      Roland Schulz      Michael Shirts    Alexey Shvetsov  
   Alfons Sijbers     Peter Tieleman      Jon Vincent      Teemu Virolainen 
 Christian Wennberg    Maarten Wolf      Artem Zhmurov   
                           and the project leaders:
        Mark Abraham, Berk Hess, Erik Lindahl, and David van der Spoel

Copyright (c) 1991-2000, University of Groningen, The Netherlands.
Copyright (c) 2001-2019, The GROMACS development team at
Uppsala University, Stockholm University and
the Royal Institute of Technology, Sweden.
check out http://www.gromacs.org for more information.

GROMACS is free software; you can redistribute it and/or modify it
under the terms of the GNU Lesser General Public License
as published by the Free Software Foundation; either version 2.1
of the License, or (at your option) any later version.

GROMACS:      gmx energy, version 2020.6-PLUMED-spack
Executable:   /home/blueschmitz/spack/opt/spack/linux-rhel8-cascadelake/gcc-11.3.0/gromacs-2020.6-lp4hfown6wui4otvwejsbjlumqjnmgiq/bin/gmx_mpi
Data prefix:  /home/blueschmitz/spack/opt/spack/linux-rhel8-cascadelake/gcc-11.3.0/gromacs-2020.6-lp4hfown6wui4otvwejsbjlumqjnmgiq
Working dir:  /scratch/blueschmitz/Watching-enzymes-wiggle/MD_simulations/projects/5EKY_monomeric/outputs/5_sanity_checks
Command line:
  gmx_mpi energy -f ener_scaled_0.5_all.edr -o energies_scaled_0.5_all.xvg -xvg none

Opened ener_scaled_0.5_all.edr as single precision energy file

Select the terms you want from the following list by
selecting either (part of) the name or the number or a combination.
End your selection with an empty line or a zero.
-------------------------------------------------------------------
  1  Bond             2  Angle            3  Proper-Dih.      4  Improper-Dih. 
  5  LJ-14            6  Coulomb-14       7  LJ-(SR)          8  Coulomb-(SR)  
  9  Coul.-recip.    10  Potential       11  Box-X           12  Box-Y         
 13  Box-Z           14  Volume          15  Density       

Reading energy frame      0 time    0.000         Reading energy frame      1 time    0.002         Reading energy frame      2 time    0.004         Reading energy frame      3 time    0.006         Reading energy frame      4 time    0.008         Reading energy frame      5 time    0.010         Reading energy frame      6 time    0.012         Reading energy frame      7 time    0.014         Reading energy frame      8 time    0.016         Reading energy frame      9 time    0.018         Reading energy frame     10 time    0.020         Reading energy frame     11 time    0.022         Reading energy frame     12 time    0.024         Reading energy frame     13 time    0.026         Reading energy frame     14 time    0.028         Reading energy frame     15 time    0.030         Reading energy frame     16 time    0.032         Reading energy frame     17 time    0.034         Reading energy frame     18 time    0.036         Reading energy frame     19 time    0.038         Reading energy frame     20 time    0.040         Reading energy frame     30 time    0.060         Reading energy frame     40 time    0.080         Reading energy frame     50 time    0.100         Reading energy frame     60 time    0.120         Reading energy frame     70 time    0.140         Reading energy frame     80 time    0.160         Reading energy frame     90 time    0.180         Reading energy frame    100 time    0.200         Reading energy frame    110 time    0.220         Reading energy frame    120 time    0.240         Reading energy frame    130 time    0.260         Reading energy frame    140 time    0.280         Reading energy frame    150 time    0.300         Reading energy frame    160 time    0.320         Reading energy frame    170 time    0.340         Reading energy frame    180 time    0.360         Reading energy frame    190 time    0.380         Reading energy frame    200 time    0.400         Reading energy frame    300 time    0.600         Reading energy frame    400 time    0.800         Reading energy frame    500 time    1.000         Reading energy frame    600 time    1.200         Reading energy frame    700 time    1.400         Reading energy frame    800 time    1.600         Reading energy frame    900 time    1.800         Reading energy frame   1000 time    2.000         Last energy frame read 1000 time    2.000         

GROMACS reminds you: "My Ass May Be Dumb, But I Ain't No Dumbass." (Jackie Brown)


Statistics over 1001 steps [ 0.0000 through 2.0000 ps ], 10 data sets
All statistics are over 1001 points (frames)

Energy                      Average   Err.Est.       RMSD  Tot-Drift
-------------------------------------------------------------------------------
Bond                         3118.5         15    96.1598   -106.419  (kJ/mol)
Angle                       8383.63         14    142.292   -75.1936  (kJ/mol)
Proper Dih.                 5018.76        8.7    35.2517    48.2808  (kJ/mol)
Improper Dih.               318.403        2.8    15.3777    18.3784  (kJ/mol)
LJ-14                        1898.1          5    28.9159    26.5344  (kJ/mol)
Coulomb-14                  24764.2         10    73.8292    9.15082  (kJ/mol)
LJ (SR)                     59973.7        170    588.083    485.768  (kJ/mol)
Coulomb (SR)                -520632        370    1018.19   -1325.18  (kJ/mol)
Coul. recip.                2904.73        2.9    33.4171   -10.8263  (kJ/mol)
Potential                   -414252        230    623.883   -929.504  (kJ/mol)
/cm/local/apps/slurm/var/spool/job8663973/slurm_script: line 148: pyscripts: unbound variable
